entry_time,exit_time,side,entry_price,exit_price,quantity,pnl,duration_min
2026-01-20 09:31:00-05:00,2026-01-20 09:34:00-05:00,short,25292.25,25314.75,1,-46.5,3.0
2026-01-20 09:35:00-05:00,2026-01-20 09:37:00-05:00,long,25346.75,25290.25,1,-114.5,2.0
2026-01-20 09:38:00-05:00,2026-01-20 09:39:00-05:00,short,25284.0,25326.25,1,-86.0,1.0
2026-01-20 09:40:00-05:00,2026-01-20 09:41:00-05:00,long,25301.5,25251.5,1,-101.5,1.0
2026-01-20 09:42:00-05:00,2026-01-20 09:43:00-05:00,short,25284.25,25307.25,1,-47.5,1.0
2026-01-20 09:44:00-05:00,2026-01-20 09:47:00-05:00,long,25303.75,25294.25,1,-20.5,3.0
2026-01-20 09:48:00-05:00,2026-01-20 09:50:00-05:00,short,25270.25,25297.5,1,-56.0,2.0
2026-01-20 09:51:00-05:00,2026-01-20 10:01:00-05:00,long,25335.75,25302.5,1,-68.0,10.0
2026-01-20 10:02:00-05:00,2026-01-20 10:06:00-05:00,short,25305.75,25311.25,1,-12.5,4.0
2026-01-20 10:07:00-05:00,2026-01-20 10:08:00-05:00,long,25317.75,25294.75,1,-47.5,1.0
2026-01-20 10:09:00-05:00,2026-01-20 10:22:00-05:00,short,25270.25,25332.25,1,-125.5,13.0
2026-01-20 10:23:00-05:00,2026-01-20 12:22:00-05:00,long,25347.25,25341.0,1,-14.0,119.0
2026-01-20 12:23:00-05:00,2026-01-20 12:25:00-05:00,long,25346.0,25335.75,2,-42.5,2.0
2026-01-20 12:26:00-05:00,2026-01-20 16:00:00-05:00,short,25342.25,25141.25,2,802.5,214.0
2026-01-21 09:31:00-05:00,2026-01-21 09:38:00-05:00,short,25212.5,25187.5,1,48.5,7.0
2026-01-21 09:39:00-05:00,2026-01-21 09:41:00-05:00,long,25193.75,25135.0,1,-119.0,2.0
2026-01-21 09:42:00-05:00,2026-01-21 09:44:00-05:00,short,25134.75,25193.25,1,-118.5,2.0
2026-01-21 09:45:00-05:00,2026-01-21 11:40:00-05:00,long,25201.5,25335.75,1,267.0,115.0
2026-01-21 11:41:00-05:00,2026-01-21 13:52:00-05:00,short,25331.75,25289.25,1,83.5,131.0
2026-01-21 13:53:00-05:00,2026-01-21 14:02:00-05:00,short,25285.5,25291.25,1,-13.0,9.0
2026-01-21 14:03:00-05:00,2026-01-21 14:28:00-05:00,short,25280.5,25364.0,1,-168.5,25.0
2026-01-21 14:29:00-05:00,2026-01-21 16:00:00-05:00,long,25407.5,25471.75,1,127.0,91.0
2026-01-22 09:32:00-05:00,2026-01-22 09:33:00-05:00,short,25677.0,25690.0,1,-27.5,1.0
2026-01-22 09:34:00-05:00,2026-01-22 09:38:00-05:00,short,25676.0,25676.75,1,-3.0,4.0
2026-01-22 09:39:00-05:00,2026-01-22 09:41:00-05:00,short,25666.5,25681.5,1,-31.5,2.0
2026-01-22 09:42:00-05:00,2026-01-22 10:34:00-05:00,short,25665.5,25607.75,1,114.0,52.0
2026-01-22 10:35:00-05:00,2026-01-22 11:00:00-05:00,long,25623.0,25606.0,1,-35.5,25.0
2026-01-22 11:01:00-05:00,2026-01-22 15:00:00-05:00,long,25629.25,25639.5,2,39.5,239.0
2026-01-22 15:01:00-05:00,2026-01-22 15:03:00-05:00,short,25639.0,25648.75,3,-60.0,2.0
2026-01-22 15:04:00-05:00,2026-01-22 15:07:00-05:00,long,25649.0,25637.5,2,-47.5,3.0
2026-01-22 15:08:00-05:00,2026-01-22 15:15:00-05:00,short,25638.5,25647.75,2,-38.5,7.0
2026-01-22 15:16:00-05:00,2026-01-22 15:25:00-05:00,long,25658.5,25641.5,3,-103.5,9.0
2026-01-22 15:26:00-05:00,2026-01-22 15:52:00-05:00,short,25629.25,25644.25,3,-91.5,26.0
2026-01-22 15:53:00-05:00,2026-01-22 16:00:00-05:00,long,25645.75,25661.75,3,94.5,7.0
2026-01-23 09:31:00-05:00,2026-01-23 09:32:00-05:00,short,25618.5,25646.75,2,-114.5,1.0
2026-01-23 09:33:00-05:00,2026-01-23 09:41:00-05:00,short,25599.25,25602.0,1,-7.0,8.0
2026-01-23 09:42:00-05:00,2026-01-23 09:47:00-05:00,long,25616.25,25598.0,1,-38.0,5.0
2026-01-23 09:48:00-05:00,2026-01-23 09:52:00-05:00,short,25587.5,25626.0,1,-78.5,4.0
2026-01-23 09:53:00-05:00,2026-01-23 12:47:00-05:00,long,25616.25,25715.5,1,197.0,174.0
2026-01-23 12:48:00-05:00,2026-01-23 12:51:00-05:00,long,25732.0,25714.75,2,-70.5,3.0
2026-01-23 12:52:00-05:00,2026-01-23 13:08:00-05:00,short,25705.5,25725.75,2,-82.5,16.0
2026-01-23 13:09:00-05:00,2026-01-23 13:46:00-05:00,long,25744.5,25725.75,2,-76.5,37.0
2026-01-23 13:47:00-05:00,2026-01-23 13:49:00-05:00,long,25727.25,25724.25,2,-13.5,2.0
2026-01-23 13:50:00-05:00,2026-01-23 13:51:00-05:00,long,25731.0,25723.25,2,-32.5,1.0
2026-01-23 13:52:00-05:00,2026-01-23 13:55:00-05:00,short,25720.75,25726.75,2,-25.5,3.0
2026-01-23 13:56:00-05:00,2026-01-23 14:00:00-05:00,long,25730.0,25725.25,3,-30.0,4.0
2026-01-23 14:01:00-05:00,2026-01-23 14:42:00-05:00,long,25733.25,25724.75,3,-52.5,41.0
2026-01-23 14:43:00-05:00,2026-01-23 15:07:00-05:00,long,25735.0,25724.0,2,-45.5,24.0
2026-01-23 15:08:00-05:00,2026-01-23 15:16:00-05:00,short,25724.25,25728.75,3,-28.5,8.0
2026-01-23 15:17:00-05:00,2026-01-23 15:22:00-05:00,long,25735.25,25725.75,3,-58.5,5.0
2026-01-23 15:23:00-05:00,2026-01-23 15:45:00-05:00,short,25724.5,25731.0,3,-40.5,22.0
2026-01-23 15:46:00-05:00,2026-01-23 15:52:00-05:00,long,25729.75,25720.75,3,-55.5,6.0
2026-01-23 15:53:00-05:00,2026-01-23 15:54:00-05:00,short,25716.25,25731.0,2,-60.5,1.0
2026-01-23 15:55:00-05:00,2026-01-23 16:00:00-05:00,long,25734.75,25734.75,2,-1.5,5.0
2026-01-26 09:32:00-05:00,2026-01-26 15:52:00-05:00,long,25756.75,25863.5,1,212.0,380.0
2026-01-26 15:53:00-05:00,2026-01-26 15:54:00-05:00,long,25867.5,25863.75,3,-24.0,1.0
2026-01-26 15:55:00-05:00,2026-01-26 16:00:00-05:00,short,25859.25,25844.75,3,85.5,5.0
2026-01-27 09:31:00-05:00,2026-01-27 09:34:00-05:00,long,25981.0,25976.0,2,-21.5,3.0
2026-01-27 09:35:00-05:00,2026-01-27 09:42:00-05:00,short,25962.5,25966.5,2,-17.5,7.0
2026-01-27 09:43:00-05:00,2026-01-27 09:44:00-05:00,long,25960.25,25956.0,1,-10.0,1.0
2026-01-27 09:45:00-05:00,2026-01-27 09:46:00-05:00,short,25959.0,25974.25,1,-32.0,1.0
2026-01-27 09:47:00-05:00,2026-01-27 16:00:00-05:00,long,25977.5,26075.5,1,194.5,373.0
2026-01-28 09:31:00-05:00,2026-01-28 09:35:00-05:00,long,26252.5,26248.75,3,-24.0,4.0
2026-01-28 09:36:00-05:00,2026-01-28 09:41:00-05:00,short,26235.25,26262.75,2,-111.5,5.0
2026-01-28 09:42:00-05:00,2026-01-28 09:48:00-05:00,long,26271.5,26240.25,1,-64.0,6.0
2026-01-28 09:49:00-05:00,2026-01-28 09:51:00-05:00,short,26236.25,26266.5,1,-62.0,2.0
2026-01-28 09:52:00-05:00,2026-01-28 10:00:00-05:00,long,26275.5,26253.0,1,-46.5,8.0
2026-01-28 10:01:00-05:00,2026-01-28 14:49:00-05:00,short,26255.75,26195.25,1,119.5,288.0
2026-01-28 14:50:00-05:00,2026-01-28 14:52:00-05:00,short,26184.75,26191.75,1,-15.5,2.0
2026-01-28 14:53:00-05:00,2026-01-28 14:57:00-05:00,long,26200.75,26179.5,2,-86.5,4.0
2026-01-28 14:58:00-05:00,2026-01-28 14:59:00-05:00,short,26186.0,26189.25,2,-14.5,1.0
2026-01-28 15:00:00-05:00,2026-01-28 15:07:00-05:00,short,26160.75,26189.5,1,-59.0,7.0
2026-01-28 15:08:00-05:00,2026-01-28 15:09:00-05:00,long,26189.75,26184.0,2,-24.5,1.0
2026-01-28 15:10:00-05:00,2026-01-28 15:26:00-05:00,long,26199.25,26185.5,2,-56.5,16.0
2026-01-28 15:27:00-05:00,2026-01-28 16:00:00-05:00,short,26179.25,26151.0,2,111.5,33.0
2026-01-29 09:31:00-05:00,2026-01-29 12:14:00-05:00,short,26139.5,25796.25,3,2058.0,163.0
2026-01-29 12:15:00-05:00,2026-01-29 12:53:00-05:00,long,25799.75,25769.25,2,-123.5,38.0
2026-01-29 12:54:00-05:00,2026-01-29 13:03:00-05:00,short,25761.0,25786.75,1,-53.0,9.0
2026-01-29 13:04:00-05:00,2026-01-29 16:00:00-05:00,long,25806.0,25992.75,1,372.0,176.0
2026-01-30 09:31:00-05:00,2026-01-30 09:34:00-05:00,short,25897.25,25877.25,1,38.5,3.0
2026-01-30 09:35:00-05:00,2026-01-30 09:38:00-05:00,long,25889.75,25862.75,1,-55.5,3.0
2026-01-30 09:39:00-05:00,2026-01-30 09:45:00-05:00,long,25878.75,25871.25,1,-16.5,6.0
2026-01-30 09:46:00-05:00,2026-01-30 09:50:00-05:00,short,25858.0,25892.0,1,-69.5,4.0
2026-01-30 09:51:00-05:00,2026-01-30 09:55:00-05:00,long,25904.0,25876.75,1,-56.0,4.0
2026-01-30 09:56:00-05:00,2026-01-30 09:57:00-05:00,short,25881.25,25892.25,1,-23.5,1.0
2026-01-30 09:58:00-05:00,2026-01-30 10:07:00-05:00,short,25871.0,25896.5,1,-52.5,9.0
2026-01-30 10:08:00-05:00,2026-01-30 10:22:00-05:00,long,25898.5,25877.25,1,-44.0,14.0
2026-01-30 10:23:00-05:00,2026-01-30 10:36:00-05:00,short,25875.0,25882.75,1,-17.0,13.0
2026-01-30 10:37:00-05:00,2026-01-30 10:39:00-05:00,short,25835.25,25878.75,1,-88.5,2.0
2026-01-30 10:40:00-05:00,2026-01-30 10:54:00-05:00,long,25878.25,25855.5,1,-47.0,14.0
2026-01-30 10:55:00-05:00,2026-01-30 16:00:00-05:00,short,25863.5,25677.0,1,371.5,305.0
2026-02-02 09:31:00-05:00,2026-02-02 09:32:00-05:00,short,25623.5,25631.5,1,-17.5,1.0
2026-02-02 09:33:00-05:00,2026-02-02 15:51:00-05:00,long,25636.0,25838.25,1,403.0,378.0
2026-02-02 15:52:00-05:00,2026-02-02 16:00:00-05:00,long,25840.0,25856.25,3,96.0,8.0
2026-02-03 09:31:00-05:00,2026-02-03 09:32:00-05:00,long,25941.0,25891.0,1,-101.5,1.0
2026-02-03 09:33:00-05:00,2026-02-03 16:00:00-05:00,short,25882.75,25444.0,1,876.0,387.0
2026-02-04 09:32:00-05:00,2026-02-04 09:35:00-05:00,short,25265.25,25286.75,1,-44.5,3.0
2026-02-04 09:36:00-05:00,2026-02-04 09:41:00-05:00,long,25344.5,25304.5,1,-81.5,5.0
2026-02-04 09:42:00-05:00,2026-02-04 09:46:00-05:00,long,25336.25,25303.5,1,-67.0,4.0
2026-02-04 09:47:00-05:00,2026-02-04 09:49:00-05:00,short,25314.0,25361.25,1,-96.0,2.0
2026-02-04 09:50:00-05:00,2026-02-04 09:51:00-05:00,long,25343.0,25293.5,1,-100.5,1.0
2026-02-04 09:52:00-05:00,2026-02-04 10:24:00-05:00,short,25292.0,25262.25,1,58.0,32.0
2026-02-04 10:25:00-05:00,2026-02-04 10:27:00-05:00,long,25262.5,25249.75,1,-27.0,2.0
2026-02-04 10:28:00-05:00,2026-02-04 14:49:00-05:00,short,25237.75,25101.0,1,272.0,261.0
2026-02-04 14:50:00-05:00,2026-02-04 14:52:00-05:00,short,25064.5,25076.25,1,-25.0,2.0
2026-02-04 14:53:00-05:00,2026-02-04 15:02:00-05:00,long,25098.0,25067.0,1,-63.5,9.0
2026-02-04 15:03:00-05:00,2026-02-04 15:04:00-05:00,short,25057.0,25078.75,1,-45.0,1.0
2026-02-04 15:05:00-05:00,2026-02-04 15:10:00-05:00,short,25064.75,25084.0,1,-40.0,5.0
2026-02-04 15:11:00-05:00,2026-02-04 15:28:00-05:00,short,25071.0,25077.75,1,-15.0,17.0
2026-02-04 15:29:00-05:00,2026-02-04 15:30:00-05:00,long,25077.0,25059.5,1,-36.5,1.0
2026-02-04 15:31:00-05:00,2026-02-04 15:38:00-05:00,short,25052.0,25084.75,1,-67.0,7.0
2026-02-04 15:39:00-05:00,2026-02-04 15:45:00-05:00,long,25085.75,25065.0,2,-84.5,6.0
2026-02-04 15:46:00-05:00,2026-02-04 15:48:00-05:00,short,25059.25,25081.0,2,-88.5,2.0
2026-02-04 15:49:00-05:00,2026-02-04 15:51:00-05:00,long,25085.5,25051.0,2,-139.5,2.0
2026-02-04 15:52:00-05:00,2026-02-04 16:00:00-05:00,short,25038.0,24996.75,1,81.0,8.0
2026-02-05 09:32:00-05:00,2026-02-05 09:33:00-05:00,short,24679.75,24720.0,1,-82.0,1.0
2026-02-05 09:34:00-05:00,2026-02-05 09:35:00-05:00,short,24709.75,24813.75,1,-209.5,1.0
2026-02-05 09:36:00-05:00,2026-02-05 09:56:00-05:00,long,24798.75,24830.75,1,62.5,20.0
2026-02-05 09:57:00-05:00,2026-02-05 11:23:00-05:00,short,24806.25,24729.75,1,151.5,86.0
2026-02-05 11:24:00-05:00,2026-02-05 11:25:00-05:00,short,24682.25,24728.5,1,-94.0,1.0
2026-02-05 11:26:00-05:00,2026-02-05 13:23:00-05:00,long,24711.5,24727.5,1,30.5,117.0
2026-02-05 13:24:00-05:00,2026-02-05 13:25:00-05:00,short,24724.0,24729.75,1,-13.0,1.0
2026-02-05 13:26:00-05:00,2026-02-05 13:27:00-05:00,short,24719.5,24743.25,1,-49.0,1.0
2026-02-05 13:28:00-05:00,2026-02-05 13:37:00-05:00,long,24738.0,24728.75,1,-20.0,9.0
2026-02-05 13:38:00-05:00,2026-02-05 13:39:00-05:00,long,24732.75,24720.0,1,-27.0,1.0
2026-02-05 13:40:00-05:00,2026-02-05 14:04:00-05:00,short,24716.75,24732.25,1,-32.5,24.0
2026-02-05 14:05:00-05:00,2026-02-05 14:06:00-05:00,short,24725.5,24733.5,1,-17.5,1.0
2026-02-05 14:07:00-05:00,2026-02-05 14:32:00-05:00,long,24747.0,24724.0,1,-47.5,25.0
2026-02-05 14:33:00-05:00,2026-02-05 15:02:00-05:00,short,24689.75,24729.25,1,-80.5,29.0
2026-02-05 15:03:00-05:00,2026-02-05 15:16:00-05:00,long,24732.0,24709.0,2,-93.5,13.0
2026-02-05 15:17:00-05:00,2026-02-05 16:00:00-05:00,short,24706.0,24638.25,1,134.0,43.0
2026-02-06 09:32:00-05:00,2026-02-06 09:57:00-05:00,long,24754.0,24859.5,1,209.5,25.0
2026-02-06 09:58:00-05:00,2026-02-06 09:59:00-05:00,long,24893.5,24871.75,1,-45.0,1.0
2026-02-06 10:00:00-05:00,2026-02-06 10:22:00-05:00,short,24854.75,24880.25,1,-52.5,22.0
2026-02-06 10:23:00-05:00,2026-02-06 10:24:00-05:00,long,24895.75,24817.75,1,-157.5,1.0
2026-02-06 10:25:00-05:00,2026-02-06 10:26:00-05:00,short,24835.75,24885.0,0,-1.5,1.0
2026-02-06 10:27:00-05:00,2026-02-06 10:51:00-05:00,long,24903.0,24862.25,1,-83.0,24.0
2026-02-06 10:52:00-05:00,2026-02-06 10:53:00-05:00,long,24872.25,24847.25,1,-51.5,1.0
2026-02-06 10:54:00-05:00,2026-02-06 10:56:00-05:00,short,24841.5,24871.75,1,-62.0,2.0
2026-02-06 10:57:00-05:00,2026-02-06 16:00:00-05:00,long,24876.0,25143.5,1,533.5,303.0
2026-02-09 09:32:00-05:00,2026-02-09 16:00:00-05:00,long,25006.5,25337.5,1,660.5,388.0
2026-02-10 09:31:00-05:00,2026-02-10 09:33:00-05:00,short,25377.25,25380.5,4,-27.5,2.0
2026-02-10 09:34:00-05:00,2026-02-10 09:36:00-05:00,short,25351.5,25372.25,2,-84.5,2.0
2026-02-10 09:37:00-05:00,2026-02-10 09:52:00-05:00,short,25334.5,25322.75,1,22.0,15.0
2026-02-10 09:53:00-05:00,2026-02-10 10:57:00-05:00,long,25331.0,25353.25,1,43.0,64.0
2026-02-10 10:58:00-05:00,2026-02-10 11:07:00-05:00,long,25379.5,25364.5,1,-31.5,9.0
2026-02-10 11:08:00-05:00,2026-02-10 11:09:00-05:00,short,25364.0,25381.0,1,-35.5,1.0
2026-02-10 11:10:00-05:00,2026-02-10 11:11:00-05:00,short,25351.25,25373.25,1,-45.5,1.0
2026-02-10 11:12:00-05:00,2026-02-10 11:21:00-05:00,long,25378.0,25363.5,1,-30.5,9.0
2026-02-10 11:22:00-05:00,2026-02-10 12:15:00-05:00,short,25361.5,25364.75,1,-8.0,53.0
2026-02-10 12:16:00-05:00,2026-02-10 12:23:00-05:00,long,25364.5,25364.25,3,-3.0,7.0
2026-02-10 12:24:00-05:00,2026-02-10 12:31:00-05:00,long,25371.25,25360.25,3,-67.5,7.0
2026-02-10 12:32:00-05:00,2026-02-10 12:36:00-05:00,long,25369.25,25354.0,3,-93.0,4.0
2026-02-10 12:37:00-05:00,2026-02-10 12:38:00-05:00,short,25363.5,25365.25,2,-8.5,1.0
2026-02-10 12:39:00-05:00,2026-02-10 12:40:00-05:00,long,25369.75,25361.25,2,-35.5,1.0
2026-02-10 12:41:00-05:00,2026-02-10 13:06:00-05:00,long,25368.0,25358.75,2,-38.5,25.0
2026-02-10 13:07:00-05:00,2026-02-10 16:00:00-05:00,short,25360.5,25219.75,3,843.0,173.0
2026-02-11 09:31:00-05:00,2026-02-11 09:32:00-05:00,short,25459.5,25449.25,1,19.0,1.0
2026-02-11 09:33:00-05:00,2026-02-11 09:46:00-05:00,short,25428.0,25425.75,1,3.0,13.0
2026-02-11 09:47:00-05:00,2026-02-11 09:49:00-05:00,short,25373.5,25410.25,1,-75.0,2.0
2026-02-11 09:50:00-05:00,2026-02-11 09:51:00-05:00,long,25401.25,25366.5,1,-71.0,1.0
2026-02-11 09:52:00-05:00,2026-02-11 10:55:00-05:00,short,25385.25,25260.0,1,249.0,63.0
2026-02-11 10:56:00-05:00,2026-02-11 10:58:00-05:00,long,25260.0,25243.0,1,-35.5,2.0
2026-02-11 10:59:00-05:00,2026-02-11 11:00:00-05:00,long,25251.25,25244.5,1,-15.0,1.0
2026-02-11 11:01:00-05:00,2026-02-11 11:14:00-05:00,short,25237.25,25254.75,1,-36.5,13.0
2026-02-11 11:15:00-05:00,2026-02-11 11:16:00-05:00,long,25258.25,25240.5,1,-37.0,1.0
2026-02-11 11:17:00-05:00,2026-02-11 11:18:00-05:00,long,25245.5,25242.5,1,-7.5,1.0
2026-02-11 11:19:00-05:00,2026-02-11 11:20:00-05:00,short,25229.5,25248.75,1,-40.0,1.0
2026-02-11 11:21:00-05:00,2026-02-11 11:27:00-05:00,long,25252.25,25232.5,1,-41.0,6.0
2026-02-11 11:28:00-05:00,2026-02-11 11:41:00-05:00,short,25208.5,25254.75,1,-94.0,13.0
2026-02-11 11:42:00-05:00,2026-02-11 12:23:00-05:00,short,25240.0,25240.5,1,-2.5,41.0
2026-02-11 12:24:00-05:00,2026-02-11 13:09:00-05:00,long,25240.75,25241.0,1,-1.0,45.0
2026-02-11 13:10:00-05:00,2026-02-11 13:18:00-05:00,short,25231.0,25246.75,2,-64.5,8.0
2026-02-11 13:19:00-05:00,2026-02-11 13:20:00-05:00,long,25248.5,25239.25,2,-38.5,1.0
2026-02-11 13:21:00-05:00,2026-02-11 13:23:00-05:00,short,25227.5,25243.5,2,-65.5,2.0
2026-02-11 13:24:00-05:00,2026-02-11 16:00:00-05:00,long,25242.5,25278.25,1,70.0,156.0
2026-02-12 09:31:00-05:00,2026-02-12 09:32:00-05:00,long,25345.25,25342.75,4,-21.5,1.0
2026-02-12 09:33:00-05:00,2026-02-12 09:36:00-05:00,long,25371.5,25350.0,2,-87.5,3.0
2026-02-12 09:37:00-05:00,2026-02-12 09:43:00-05:00,long,25365.25,25354.75,2,-43.5,6.0
2026-02-12 09:44:00-05:00,2026-02-12 16:00:00-05:00,short,25342.5,24766.25,1,1151.0,376.0
2026-02-13 09:31:00-05:00,2026-02-13 09:34:00-05:00,long,24741.5,24737.25,2,-18.5,3.0
2026-02-13 09:35:00-05:00,2026-02-13 09:45:00-05:00,short,24719.5,24715.25,1,7.0,10.0
2026-02-13 09:46:00-05:00,2026-02-13 09:51:00-05:00,long,24804.75,24720.5,0,-1.5,5.0
2026-02-13 09:52:00-05:00,2026-02-13 09:53:00-05:00,long,24736.75,24720.25,0,-1.5,1.0
2026-02-13 09:54:00-05:00,2026-02-13 09:57:00-05:00,long,24736.5,24692.5,0,-1.5,3.0
2026-02-13 09:58:00-05:00,2026-02-13 10:01:00-05:00,short,24684.25,24754.0,0,-1.5,3.0
2026-02-13 10:02:00-05:00,2026-02-13 10:06:00-05:00,long,24752.0,24710.5,0,-1.5,4.0
2026-02-13 10:07:00-05:00,2026-02-13 10:17:00-05:00,long,24765.75,24719.75,0,-1.5,10.0
2026-02-13 10:18:00-05:00,2026-02-13 10:23:00-05:00,long,24741.75,24734.0,0,-1.5,5.0
2026-02-13 10:24:00-05:00,2026-02-13 10:47:00-05:00,long,24771.0,24739.25,0,-1.5,23.0
2026-02-13 10:48:00-05:00,2026-02-13 10:52:00-05:00,short,24746.75,24805.0,1,-118.0,4.0
2026-02-13 10:53:00-05:00,2026-02-13 11:24:00-05:00,long,24786.75,24764.0,1,-47.0,31.0
2026-02-13 11:25:00-05:00,2026-02-13 15:14:00-05:00,long,24792.5,24839.75,1,93.0,229.0
2026-02-13 15:15:00-05:00,2026-02-13 15:20:00-05:00,short,24824.0,24848.75,1,-51.0,5.0
2026-02-13 15:21:00-05:00,2026-02-13 16:00:00-05:00,short,24837.75,24802.5,1,69.0,39.0
2026-02-16 09:31:00-05:00,2026-02-16 09:34:00-05:00,long,24761.25,24763.75,3,13.5,3.0
2026-02-16 09:35:00-05:00,2026-02-16 09:51:00-05:00,short,24757.0,24737.25,3,117.0,16.0
2026-02-16 09:52:00-05:00,2026-02-16 09:53:00-05:00,short,24735.75,24746.5,1,-23.0,1.0
2026-02-16 09:54:00-05:00,2026-02-16 10:19:00-05:00,long,24758.25,24748.25,1,-21.5,25.0
2026-02-16 10:20:00-05:00,2026-02-16 11:11:00-05:00,short,24745.0,24744.75,2,-0.5,51.0
2026-02-16 11:12:00-05:00,2026-02-16 11:17:00-05:00,long,24746.5,24734.0,2,-51.5,5.0
2026-02-16 11:18:00-05:00,2026-02-16 11:31:00-05:00,short,24725.0,24740.75,2,-64.5,13.0
2026-02-16 11:32:00-05:00,2026-02-16 11:33:00-05:00,long,24739.5,24725.75,2,-56.5,1.0
2026-02-16 11:34:00-05:00,2026-02-16 11:52:00-05:00,short,24722.25,24730.75,2,-35.5,18.0
2026-02-16 11:53:00-05:00,2026-02-16 12:02:00-05:00,short,24727.75,24737.25,2,-39.5,9.0
2026-02-16 12:03:00-05:00,2026-02-16 12:06:00-05:00,long,24737.25,24729.5,3,-48.0,3.0
2026-02-16 12:07:00-05:00,2026-02-16 12:28:00-05:00,short,24726.0,24737.5,3,-70.5,21.0
2026-02-16 12:29:00-05:00,2026-02-16 18:00:00-05:00,long,24743.0,24746.0,3,16.5,331.0
2026-02-17 09:32:00-05:00,2026-02-17 09:44:00-05:00,long,24701.0,24710.5,1,17.5,12.0
2026-02-17 09:45:00-05:00,2026-02-17 10:19:00-05:00,short,24701.25,24617.25,1,166.5,34.0
2026-02-17 10:20:00-05:00,2026-02-17 10:21:00-05:00,long,24634.25,24600.5,1,-69.0,1.0
2026-02-17 10:22:00-05:00,2026-02-17 10:52:00-05:00,short,24581.75,24591.75,1,-21.5,30.0
2026-02-17 10:53:00-05:00,2026-02-17 10:56:00-05:00,short,24573.5,24593.0,1,-40.5,3.0
2026-02-17 10:57:00-05:00,2026-02-17 10:59:00-05:00,short,24576.0,24598.5,1,-46.5,2.0
2026-02-17 11:00:00-05:00,2026-02-17 12:46:00-05:00,long,24599.5,24635.5,1,70.5,106.0
2026-02-17 12:47:00-05:00,2026-02-17 12:53:00-05:00,long,24652.25,24623.0,1,-60.0,6.0
2026-02-17 12:54:00-05:00,2026-02-17 12:58:00-05:00,short,24614.5,24676.5,1,-125.5,4.0
2026-02-17 12:59:00-05:00,2026-02-17 16:00:00-05:00,long,24675.5,24776.75,1,201.0,181.0
2026-02-18 09:32:00-05:00,2026-02-18 09:33:00-05:00,long,24800.5,24783.5,1,-35.5,1.0
2026-02-18 09:34:00-05:00,2026-02-18 09:35:00-05:00,long,24803.75,24768.5,1,-72.0,1.0
2026-02-18 09:36:00-05:00,2026-02-18 09:39:00-05:00,short,24782.25,24826.75,1,-90.5,3.0
2026-02-18 09:40:00-05:00,2026-02-18 09:50:00-05:00,long,24804.25,24802.25,1,-5.5,10.0
2026-02-18 09:51:00-05:00,2026-02-18 09:52:00-05:00,short,24806.75,24812.75,1,-13.5,1.0
2026-02-18 09:53:00-05:00,2026-02-18 13:53:00-05:00,long,24850.0,24994.25,1,287.0,240.0
2026-02-18 13:54:00-05:00,2026-02-18 14:18:00-05:00,long,25000.25,25000.0,1,-2.0,24.0
2026-02-18 14:19:00-05:00,2026-02-18 14:20:00-05:00,long,25006.0,24999.75,3,-39.0,1.0
2026-02-18 14:21:00-05:00,2026-02-18 14:28:00-05:00,long,24999.5,24993.5,2,-25.5,7.0
2026-02-18 14:29:00-05:00,2026-02-18 15:55:00-05:00,short,24993.0,24988.75,2,15.5,86.0
2026-02-18 15:56:00-05:00,2026-02-18 15:58:00-05:00,long,24990.25,24980.75,2,-39.5,2.0
2026-02-18 15:59:00-05:00,2026-02-18 16:00:00-05:00,short,24973.75,24957.5,2,63.5,1.0
2026-02-19 09:31:00-05:00,2026-02-19 09:32:00-05:00,short,24857.75,24857.25,2,0.5,1.0
2026-02-19 09:33:00-05:00,2026-02-19 09:34:00-05:00,short,24844.0,24853.75,2,-40.5,1.0
2026-02-19 09:35:00-05:00,2026-02-19 09:43:00-05:00,short,24834.0,24820.75,1,25.0,8.0
2026-02-19 09:44:00-05:00,2026-02-19 09:45:00-05:00,short,24817.0,24846.25,1,-60.0,1.0
2026-02-19 09:46:00-05:00,2026-02-19 09:47:00-05:00,short,24778.5,24822.5,1,-89.5,1.0
2026-02-19 09:48:00-05:00,2026-02-19 09:49:00-05:00,short,24815.5,24838.75,1,-48.0,1.0
2026-02-19 09:50:00-05:00,2026-02-19 10:22:00-05:00,long,24824.0,24860.5,1,71.5,32.0
2026-02-19 10:23:00-05:00,2026-02-19 10:30:00-05:00,long,24894.25,24858.75,1,-72.5,7.0
2026-02-19 10:31:00-05:00,2026-02-19 10:52:00-05:00,long,24868.75,24867.75,1,-3.5,21.0
2026-02-19 10:53:00-05:00,2026-02-19 11:07:00-05:00,long,24884.0,24867.75,1,-34.0,14.0
2026-02-19 11:08:00-05:00,2026-02-19 11:10:00-05:00,short,24866.0,24895.5,1,-60.5,2.0
2026-02-19 11:11:00-05:00,2026-02-19 11:29:00-05:00,long,24901.75,24879.0,1,-47.0,18.0
2026-02-19 11:30:00-05:00,2026-02-19 11:31:00-05:00,short,24874.25,24892.0,1,-37.0,1.0
2026-02-19 11:32:00-05:00,2026-02-19 11:42:00-05:00,long,24902.75,24878.0,1,-51.0,10.0
2026-02-19 11:43:00-05:00,2026-02-19 12:21:00-05:00,short,24874.5,24883.0,1,-18.5,38.0
2026-02-19 12:22:00-05:00,2026-02-19 12:28:00-05:00,long,24886.0,24854.75,2,-126.5,6.0
2026-02-19 12:29:00-05:00,2026-02-19 15:59:00-05:00,short,24862.0,24852.25,1,18.0,210.0
2026-02-20 09:31:00-05:00,2026-02-20 10:07:00-05:00,long,24726.25,24869.25,2,570.5,36.0
2026-02-20 10:08:00-05:00,2026-02-20 10:17:00-05:00,long,24903.25,24864.5,0,-1.5,9.0
2026-02-20 10:18:00-05:00,2026-02-20 12:15:00-05:00,long,24963.0,24982.0,0,-1.5,117.0
2026-02-20 12:16:00-05:00,2026-02-20 12:46:00-05:00,short,24943.5,24995.0,1,-104.5,30.0
2026-02-20 12:47:00-05:00,2026-02-20 12:49:00-05:00,short,24974.5,24981.0,1,-14.5,2.0
2026-02-20 12:50:00-05:00,2026-02-20 13:18:00-05:00,long,25003.25,24977.5,1,-53.0,28.0
2026-02-20 13:19:00-05:00,2026-02-20 13:25:00-05:00,short,24968.5,24984.25,1,-33.0,6.0
2026-02-20 13:26:00-05:00,2026-02-20 13:31:00-05:00,short,24978.0,24980.25,1,-6.0,5.0
2026-02-20 13:32:00-05:00,2026-02-20 16:00:00-05:00,long,25017.0,25073.75,1,112.0,148.0
2026-02-23 09:31:00-05:00,2026-02-23 09:33:00-05:00,short,25013.25,25019.25,1,-13.5,2.0
2026-02-23 09:34:00-05:00,2026-02-23 09:35:00-05:00,long,25011.75,25004.0,1,-17.0,1.0
2026-02-23 09:36:00-05:00,2026-02-23 09:38:00-05:00,short,24994.0,25004.75,1,-23.0,2.0
2026-02-23 09:39:00-05:00,2026-02-23 09:40:00-05:00,long,25018.75,24996.75,1,-45.5,1.0
2026-02-23 09:41:00-05:00,2026-02-23 16:00:00-05:00,short,24928.25,24768.0,1,319.0,379.0
2026-02-24 09:31:00-05:00,2026-02-24 09:39:00-05:00,short,24812.75,24797.5,1,29.0,8.0
2026-02-24 09:40:00-05:00,2026-02-24 10:01:00-05:00,long,24803.5,24831.0,1,53.5,21.0
2026-02-24 10:02:00-05:00,2026-02-24 10:05:00-05:00,long,24849.5,24841.0,1,-18.5,3.0
2026-02-24 10:06:00-05:00,2026-02-24 16:00:00-05:00,long,24856.75,25030.0,1,345.0,354.0
2026-02-25 09:31:00-05:00,2026-02-25 09:32:00-05:00,short,25212.25,25223.75,1,-24.5,1.0
2026-02-25 09:33:00-05:00,2026-02-25 10:51:00-05:00,long,25211.0,25293.25,1,163.0,78.0
2026-02-25 10:52:00-05:00,2026-02-25 10:53:00-05:00,long,25297.5,25284.75,2,-52.5,1.0
2026-02-25 10:54:00-05:00,2026-02-25 11:00:00-05:00,short,25281.5,25295.0,3,-82.5,6.0
2026-02-25 11:01:00-05:00,2026-02-25 11:03:00-05:00,long,25308.5,25291.75,2,-68.5,2.0
2026-02-25 11:04:00-05:00,2026-02-25 11:07:00-05:00,short,25291.5,25299.0,2,-31.5,3.0
2026-02-25 11:08:00-05:00,2026-02-25 11:13:00-05:00,long,25303.25,25290.25,2,-53.5,5.0
2026-02-25 11:14:00-05:00,2026-02-25 11:15:00-05:00,short,25292.75,25299.0,2,-26.5,1.0
2026-02-25 11:16:00-05:00,2026-02-25 11:21:00-05:00,short,25287.75,25298.0,2,-42.5,5.0
2026-02-25 11:22:00-05:00,2026-02-25 11:25:00-05:00,short,25287.75,25295.25,3,-46.5,3.0
2026-02-25 11:26:00-05:00,2026-02-25 16:00:00-05:00,long,25298.25,25383.5,3,510.0,274.0
2026-02-26 09:32:00-05:00,2026-02-26 09:33:00-05:00,long,25323.25,25284.25,1,-79.5,1.0
2026-02-26 09:34:00-05:00,2026-02-26 14:09:00-05:00,short,25277.0,25051.5,1,449.5,275.0
2026-02-26 14:10:00-05:00,2026-02-26 14:30:00-05:00,long,25055.75,25048.75,3,-43.5,20.0
2026-02-26 14:31:00-05:00,2026-02-26 15:10:00-05:00,long,25051.5,25049.25,3,-15.0,39.0
2026-02-26 15:11:00-05:00,2026-02-26 15:33:00-05:00,short,25046.5,25053.5,2,-29.5,22.0
2026-02-26 15:34:00-05:00,2026-02-26 15:51:00-05:00,long,25055.25,25049.5,2,-24.5,17.0
2026-02-26 15:52:00-05:00,2026-02-26 16:00:00-05:00,long,25054.0,25083.0,2,114.5,8.0
2026-02-27 09:31:00-05:00,2026-02-27 09:33:00-05:00,short,24828.25,24880.75,2,-211.5,2.0
2026-02-27 09:34:00-05:00,2026-02-27 09:38:00-05:00,long,24892.75,24842.75,1,-101.5,4.0
2026-02-27 09:39:00-05:00,2026-02-27 09:42:00-05:00,long,24873.75,24854.25,1,-40.5,3.0
2026-02-27 09:43:00-05:00,2026-02-27 09:46:00-05:00,short,24825.0,24857.75,1,-67.0,3.0
2026-02-27 09:47:00-05:00,2026-02-27 09:56:00-05:00,long,24899.75,24865.75,1,-69.5,9.0
2026-02-27 09:57:00-05:00,2026-02-27 09:58:00-05:00,short,24869.5,24872.0,1,-6.5,1.0
2026-02-27 09:59:00-05:00,2026-02-27 12:21:00-05:00,long,24881.25,24933.75,1,103.5,142.0
2026-02-27 12:22:00-05:00,2026-02-27 12:25:00-05:00,short,24926.25,24938.25,1,-25.5,3.0
2026-02-27 12:26:00-05:00,2026-02-27 12:43:00-05:00,long,24941.75,24928.75,1,-27.5,17.0
2026-02-27 12:44:00-05:00,2026-02-27 12:56:00-05:00,short,24935.0,24946.0,2,-45.5,12.0
2026-02-27 12:57:00-05:00,2026-02-27 13:02:00-05:00,long,24951.5,24932.5,2,-77.5,5.0
2026-02-27 13:03:00-05:00,2026-02-27 13:08:00-05:00,short,24939.25,24942.0,3,-18.0,5.0
2026-02-27 13:09:00-05:00,2026-02-27 14:04:00-05:00,short,24928.0,24940.25,2,-50.5,55.0
2026-02-27 14:05:00-05:00,2026-02-27 14:09:00-05:00,long,24944.0,24915.5,2,-115.5,4.0
2026-02-27 14:10:00-05:00,2026-02-27 15:11:00-05:00,short,24911.0,24939.75,2,-116.5,61.0
2026-02-27 15:12:00-05:00,2026-02-27 15:39:00-05:00,long,24940.75,24925.25,2,-63.5,27.0
2026-02-27 15:40:00-05:00,2026-02-27 15:41:00-05:00,short,24925.5,24935.5,2,-41.5,1.0
2026-02-27 15:42:00-05:00,2026-02-27 15:43:00-05:00,short,24927.5,24940.5,2,-53.5,1.0
2026-02-27 15:44:00-05:00,2026-02-27 15:48:00-05:00,long,24952.75,24933.75,2,-77.5,4.0
2026-02-27 15:49:00-05:00,2026-02-27 16:00:00-05:00,long,24951.75,24998.0,2,183.5,11.0
2026-03-02 09:31:00-05:00,2026-03-02 09:32:00-05:00,short,24683.25,24745.25,1,-125.5,1.0
2026-03-02 09:33:00-05:00,2026-03-02 10:01:00-05:00,long,24780.75,24805.25,1,47.5,28.0
2026-03-02 10:02:00-05:00,2026-03-02 10:33:00-05:00,long,24876.75,24849.0,1,-57.0,31.0
2026-03-02 10:34:00-05:00,2026-03-02 10:35:00-05:00,short,24851.25,24867.75,1,-34.5,1.0
2026-03-02 10:36:00-05:00,2026-03-02 11:28:00-05:00,long,24869.5,24856.0,1,-28.5,52.0
2026-03-02 11:29:00-05:00,2026-03-02 11:31:00-05:00,short,24862.25,24883.0,1,-43.0,2.0
2026-03-02 11:32:00-05:00,2026-03-02 11:35:00-05:00,short,24867.25,24904.25,1,-75.5,3.0
2026-03-02 11:36:00-05:00,2026-03-02 16:00:00-05:00,long,24913.25,25021.0,1,214.0,264.0
2026-03-03 09:31:00-05:00,2026-03-03 09:32:00-05:00,short,24610.5,24602.0,1,15.5,1.0
2026-03-03 09:33:00-05:00,2026-03-03 09:34:00-05:00,short,24579.0,24588.0,1,-19.5,1.0
2026-03-03 09:35:00-05:00,2026-03-03 09:37:00-05:00,short,24527.75,24593.5,1,-133.0,2.0
2026-03-03 09:38:00-05:00,2026-03-03 09:42:00-05:00,long,24641.25,24560.5,1,-163.0,4.0
2026-03-03 09:43:00-05:00,2026-03-03 09:47:00-05:00,short,24551.75,24595.25,0,-1.5,4.0
2026-03-03 09:48:00-05:00,2026-03-03 11:05:00-05:00,short,24558.5,24520.25,0,-1.5,77.0
2026-03-03 11:06:00-05:00,2026-03-03 16:00:00-05:00,long,24546.75,24757.0,1,419.0,294.0
2026-03-04 09:31:00-05:00,2026-03-04 09:33:00-05:00,short,24934.5,24922.75,1,22.0,2.0
2026-03-04 09:34:00-05:00,2026-03-04 09:36:00-05:00,long,24948.0,24908.0,1,-81.5,2.0
2026-03-04 09:37:00-05:00,2026-03-04 09:49:00-05:00,short,24884.75,24906.25,1,-44.5,12.0
2026-03-04 09:50:00-05:00,2026-03-04 09:51:00-05:00,long,24896.0,24873.0,1,-47.5,1.0
2026-03-04 09:52:00-05:00,2026-03-04 10:04:00-05:00,long,24899.5,24901.0,1,1.5,12.0
2026-03-04 10:05:00-05:00,2026-03-04 16:00:00-05:00,long,24930.0,25120.0,1,378.5,355.0
2026-03-05 09:31:00-05:00,2026-03-05 09:32:00-05:00,short,25037.0,25045.75,1,-19.0,1.0
2026-03-05 09:33:00-05:00,2026-03-05 09:41:00-05:00,long,25065.75,25063.5,1,-6.0,8.0
2026-03-05 09:42:00-05:00,2026-03-05 09:44:00-05:00,long,25084.5,25063.5,1,-43.5,2.0
2026-03-05 09:45:00-05:00,2026-03-05 09:48:00-05:00,short,25059.75,25100.5,1,-83.0,3.0
2026-03-05 09:49:00-05:00,2026-03-05 10:20:00-05:00,long,25117.75,25107.5,1,-22.0,31.0
2026-03-05 10:21:00-05:00,2026-03-05 10:51:00-05:00,short,25098.25,25080.25,1,34.5,30.0
2026-03-05 10:52:00-05:00,2026-03-05 10:54:00-05:00,short,25079.25,25084.5,1,-12.0,2.0
2026-03-05 10:55:00-05:00,2026-03-05 11:00:00-05:00,short,25077.0,25082.5,1,-12.5,5.0
2026-03-05 11:01:00-05:00,2026-03-05 12:04:00-05:00,short,25076.25,25078.75,1,-6.5,63.0
2026-03-05 12:05:00-05:00,2026-03-05 12:10:00-05:00,long,25110.75,25044.75,1,-133.5,5.0
2026-03-05 12:11:00-05:00,2026-03-05 15:26:00-05:00,short,25008.5,24985.0,1,45.5,195.0
2026-03-05 15:27:00-05:00,2026-03-05 15:28:00-05:00,long,24988.25,24975.0,1,-28.0,1.0
2026-03-05 15:29:00-05:00,2026-03-05 15:33:00-05:00,short,24968.25,24982.5,1,-30.0,4.0
2026-03-05 15:34:00-05:00,2026-03-05 15:35:00-05:00,short,24979.75,24984.0,1,-10.0,1.0
2026-03-05 15:36:00-05:00,2026-03-05 15:40:00-05:00,long,24986.0,24980.0,1,-13.5,4.0
2026-03-05 15:41:00-05:00,2026-03-05 15:50:00-05:00,short,24976.75,24989.5,2,-52.5,9.0
2026-03-05 15:51:00-05:00,2026-03-05 16:00:00-05:00,long,25010.0,25048.0,2,150.5,9.0
2026-03-06 09:31:00-05:00,2026-03-06 09:33:00-05:00,short,24681.75,24704.25,2,-91.5,2.0
2026-03-06 09:34:00-05:00,2026-03-06 09:36:00-05:00,long,24697.5,24651.25,2,-186.5,2.0
2026-03-06 09:37:00-05:00,2026-03-06 09:39:00-05:00,short,24624.5,24687.5,1,-127.5,2.0
2026-03-06 09:40:00-05:00,2026-03-06 09:41:00-05:00,long,24680.25,24672.75,1,-16.5,1.0
2026-03-06 09:42:00-05:00,2026-03-06 09:47:00-05:00,long,24704.5,24664.0,1,-82.5,5.0
2026-03-06 09:48:00-05:00,2026-03-06 09:49:00-05:00,short,24663.5,24681.25,1,-37.0,1.0
2026-03-06 09:50:00-05:00,2026-03-06 09:51:00-05:00,short,24675.0,24693.5,1,-38.5,1.0
2026-03-06 09:52:00-05:00,2026-03-06 09:56:00-05:00,long,24723.5,24671.5,1,-105.5,4.0
2026-03-06 09:57:00-05:00,2026-03-06 10:00:00-05:00,short,24672.5,24691.5,1,-39.5,3.0
2026-03-06 10:01:00-05:00,2026-03-06 10:10:00-05:00,long,24738.0,24676.0,1,-125.5,9.0
2026-03-06 10:11:00-05:00,2026-03-06 10:12:00-05:00,short,24671.5,24726.0,1,-110.5,1.0
2026-03-06 10:13:00-05:00,2026-03-06 12:37:00-05:00,long,24750.0,24777.75,1,54.0,144.0
2026-03-06 12:38:00-05:00,2026-03-06 12:49:00-05:00,short,24775.75,24794.0,1,-38.0,11.0
2026-03-06 12:50:00-05:00,2026-03-06 12:56:00-05:00,long,24802.25,24786.25,1,-33.5,6.0
2026-03-06 12:57:00-05:00,2026-03-06 13:00:00-05:00,long,24807.0,24785.0,1,-45.5,3.0
2026-03-06 13:01:00-05:00,2026-03-06 14:25:00-05:00,long,24794.0,24793.75,1,-2.0,84.0
2026-03-06 14:26:00-05:00,2026-03-06 14:27:00-05:00,short,24792.5,24806.5,1,-29.5,1.0
2026-03-06 14:28:00-05:00,2026-03-06 14:48:00-05:00,long,24821.5,24779.25,1,-86.0,20.0
2026-03-06 14:49:00-05:00,2026-03-06 14:53:00-05:00,short,24786.75,24799.75,1,-27.5,4.0
2026-03-06 14:54:00-05:00,2026-03-06 14:55:00-05:00,short,24791.75,24802.5,1,-23.0,1.0
2026-03-06 14:56:00-05:00,2026-03-06 15:11:00-05:00,long,24803.0,24750.75,1,-106.0,15.0
2026-03-06 15:12:00-05:00,2026-03-06 16:00:00-05:00,short,24741.5,24667.25,1,147.0,48.0
2026-03-09 09:31:00-04:00,2026-03-09 09:33:00-04:00,short,24510.0,24496.5,1,25.5,2.0
2026-03-09 09:34:00-04:00,2026-03-09 09:36:00-04:00,short,24459.75,24485.25,1,-52.5,2.0
2026-03-09 09:37:00-04:00,2026-03-09 10:04:00-04:00,short,24430.5,24441.25,1,-23.0,27.0
2026-03-09 10:05:00-04:00,2026-03-09 10:06:00-04:00,long,24468.25,24381.25,1,-175.5,1.0
2026-03-09 10:07:00-04:00,2026-03-09 10:21:00-04:00,short,24390.75,24404.0,1,-28.0,14.0
2026-03-09 10:22:00-04:00,2026-03-09 10:23:00-04:00,short,24355.5,24452.25,0,-1.5,1.0
2026-03-09 10:24:00-04:00,2026-03-09 10:28:00-04:00,long,24451.5,24388.75,0,-1.5,4.0
2026-03-09 10:29:00-04:00,2026-03-09 16:00:00-04:00,long,24402.25,24992.0,1,1178.0,331.0
2026-03-10 09:31:00-04:00,2026-03-10 09:32:00-04:00,short,25047.0,25062.75,1,-33.0,1.0
2026-03-10 09:33:00-04:00,2026-03-10 09:34:00-04:00,long,25067.0,25005.25,1,-125.0,1.0
2026-03-10 09:35:00-04:00,2026-03-10 09:45:00-04:00,short,25024.25,25029.5,1,-12.0,10.0
2026-03-10 09:46:00-04:00,2026-03-10 09:47:00-04:00,short,25013.5,25049.0,1,-72.5,1.0
2026-03-10 09:48:00-04:00,2026-03-10 09:49:00-04:00,short,24998.75,25021.5,1,-47.0,1.0
2026-03-10 09:50:00-04:00,2026-03-10 09:53:00-04:00,long,25046.25,25014.25,1,-65.5,3.0
2026-03-10 09:54:00-04:00,2026-03-10 09:55:00-04:00,long,25028.75,24993.25,1,-72.5,1.0
2026-03-10 09:56:00-04:00,2026-03-10 10:23:00-04:00,short,24984.5,24996.0,1,-24.5,27.0
2026-03-10 10:24:00-04:00,2026-03-10 10:25:00-04:00,long,24992.75,24979.0,1,-29.0,1.0
2026-03-10 10:26:00-04:00,2026-03-10 14:15:00-04:00,long,25004.5,25040.0,1,69.5,229.0
2026-03-10 14:16:00-04:00,2026-03-10 14:27:00-04:00,short,25060.25,25084.5,1,-50.0,11.0
2026-03-10 14:28:00-04:00,2026-03-10 14:30:00-04:00,long,25091.25,25067.0,1,-50.0,2.0
2026-03-10 14:31:00-04:00,2026-03-10 14:32:00-04:00,short,25074.5,25086.75,1,-26.0,1.0
2026-03-10 14:33:00-04:00,2026-03-10 14:34:00-04:00,long,25092.0,25075.5,1,-34.5,1.0
2026-03-10 14:35:00-04:00,2026-03-10 14:36:00-04:00,long,25082.0,25041.25,1,-83.0,1.0
2026-03-10 14:37:00-04:00,2026-03-10 14:38:00-04:00,short,25071.25,25090.75,1,-40.5,1.0
2026-03-10 14:39:00-04:00,2026-03-10 16:00:00-04:00,short,25071.5,24985.75,1,170.0,81.0
2026-03-11 09:31:00-04:00,2026-03-11 09:33:00-04:00,short,25084.25,25088.0,1,-9.0,2.0
2026-03-11 09:34:00-04:00,2026-03-11 09:44:00-04:00,long,25082.25,25083.5,1,1.0,10.0
2026-03-11 09:45:00-04:00,2026-03-11 09:46:00-04:00,short,25070.25,25086.75,1,-34.5,1.0
2026-03-11 09:47:00-04:00,2026-03-11 09:59:00-04:00,short,25068.25,25105.25,1,-75.5,12.0
2026-03-11 10:00:00-04:00,2026-03-11 10:12:00-04:00,long,25101.5,25082.5,1,-39.5,12.0
2026-03-11 10:13:00-04:00,2026-03-11 10:14:00-04:00,short,25079.5,25092.5,1,-27.5,1.0
2026-03-11 10:15:00-04:00,2026-03-11 10:16:00-04:00,long,25102.0,25080.5,1,-44.5,1.0
2026-03-11 10:17:00-04:00,2026-03-11 10:19:00-04:00,short,25072.25,25102.75,1,-62.5,2.0
2026-03-11 10:20:00-04:00,2026-03-11 10:21:00-04:00,long,25091.5,25086.5,1,-11.5,1.0
2026-03-11 10:22:00-04:00,2026-03-11 10:59:00-04:00,short,25075.0,25071.0,1,6.5,37.0
2026-03-11 11:00:00-04:00,2026-03-11 11:01:00-04:00,short,25065.5,25085.25,1,-41.0,1.0
2026-03-11 11:02:00-04:00,2026-03-11 11:05:00-04:00,short,25063.75,25073.25,1,-20.5,3.0
2026-03-11 11:06:00-04:00,2026-03-11 13:01:00-04:00,short,25058.25,25021.0,1,73.0,115.0
2026-03-11 13:02:00-04:00,2026-03-11 13:08:00-04:00,short,25011.0,25024.25,2,-54.5,6.0
2026-03-11 13:09:00-04:00,2026-03-11 16:00:00-04:00,short,25016.25,24983.5,2,129.5,171.0
2026-03-12 09:31:00-04:00,2026-03-12 09:33:00-04:00,short,24781.25,24773.0,1,15.0,2.0
2026-03-12 09:34:00-04:00,2026-03-12 09:42:00-04:00,long,24794.0,24790.75,1,-8.0,8.0
2026-03-12 09:43:00-04:00,2026-03-12 10:13:00-04:00,short,24775.25,24739.0,1,71.0,30.0
2026-03-12 10:14:00-04:00,2026-03-12 10:15:00-04:00,short,24717.25,24737.25,1,-41.5,1.0
2026-03-12 10:16:00-04:00,2026-03-12 11:40:00-04:00,short,24735.5,24696.25,1,77.0,84.0
2026-03-12 11:41:00-04:00,2026-03-12 11:42:00-04:00,short,24657.0,24677.25,1,-42.0,1.0
2026-03-12 11:43:00-04:00,2026-03-12 11:47:00-04:00,long,24684.5,24651.5,1,-67.5,4.0
2026-03-12 11:48:00-04:00,2026-03-12 11:55:00-04:00,short,24630.75,24675.5,1,-91.0,7.0
2026-03-12 11:56:00-04:00,2026-03-12 12:04:00-04:00,short,24657.75,24686.25,1,-58.5,8.0
2026-03-12 12:05:00-04:00,2026-03-12 12:08:00-04:00,long,24691.25,24652.25,1,-79.5,3.0
2026-03-12 12:09:00-04:00,2026-03-12 12:16:00-04:00,short,24608.0,24682.0,1,-149.5,7.0
2026-03-12 12:17:00-04:00,2026-03-12 12:26:00-04:00,long,24689.5,24671.0,1,-38.5,9.0
2026-03-12 12:27:00-04:00,2026-03-12 12:34:00-04:00,short,24644.75,24677.5,1,-67.0,7.0
2026-03-12 12:35:00-04:00,2026-03-12 12:37:00-04:00,long,24673.75,24672.25,1,-4.5,2.0
2026-03-12 12:38:00-04:00,2026-03-12 12:46:00-04:00,long,24688.25,24672.75,1,-32.5,8.0
2026-03-12 12:47:00-04:00,2026-03-12 12:51:00-04:00,short,24626.25,24676.75,1,-102.5,4.0
2026-03-12 12:52:00-04:00,2026-03-12 13:05:00-04:00,short,24656.75,24695.25,1,-78.5,13.0
2026-03-12 13:06:00-04:00,2026-03-12 13:10:00-04:00,long,24712.0,24672.0,1,-81.5,4.0
2026-03-12 13:11:00-04:00,2026-03-12 13:15:00-04:00,long,24691.0,24660.75,1,-62.0,4.0
2026-03-12 13:16:00-04:00,2026-03-12 13:23:00-04:00,short,24662.0,24681.0,1,-39.5,7.0
2026-03-12 13:24:00-04:00,2026-03-12 13:28:00-04:00,long,24677.25,24666.75,1,-22.5,4.0
2026-03-12 13:29:00-04:00,2026-03-12 13:36:00-04:00,short,24648.75,24682.5,1,-69.0,7.0
2026-03-12 13:37:00-04:00,2026-03-12 13:42:00-04:00,long,24686.5,24658.5,1,-57.5,5.0
2026-03-12 13:43:00-04:00,2026-03-12 16:00:00-04:00,short,24652.5,24555.75,1,192.0,137.0
2026-03-13 09:31:00-04:00,2026-03-13 09:32:00-04:00,short,24666.0,24666.0,2,-1.5,1.0
2026-03-13 09:33:00-04:00,2026-03-13 09:38:00-04:00,short,24663.5,24659.25,2,15.5,5.0
2026-03-13 09:39:00-04:00,2026-03-13 10:03:00-04:00,long,24676.0,24697.75,1,42.0,24.0
2026-03-13 10:04:00-04:00,2026-03-13 10:07:00-04:00,short,24696.5,24719.0,1,-46.5,3.0
2026-03-13 10:08:00-04:00,2026-03-13 10:32:00-04:00,short,24700.0,24726.5,1,-54.5,24.0
2026-03-13 10:33:00-04:00,2026-03-13 10:35:00-04:00,long,24725.5,24689.0,1,-74.5,2.0
2026-03-13 10:36:00-04:00,2026-03-13 16:00:00-04:00,short,24644.0,24397.75,1,491.0,324.0
2026-03-16 09:31:00-04:00,2026-03-16 09:39:00-04:00,long,24863.25,24893.75,2,120.5,8.0
2026-03-16 09:40:00-04:00,2026-03-16 09:42:00-04:00,long,24898.75,24895.5,1,-8.0,2.0
2026-03-16 09:43:00-04:00,2026-03-16 09:44:00-04:00,long,24898.25,24891.75,1,-14.5,1.0
2026-03-16 09:45:00-04:00,2026-03-16 09:46:00-04:00,short,24885.5,24937.25,1,-105.0,1.0
2026-03-16 09:47:00-04:00,2026-03-16 09:53:00-04:00,long,24934.75,24900.5,1,-70.0,6.0
2026-03-16 09:54:00-04:00,2026-03-16 10:31:00-04:00,long,24915.25,24904.75,1,-22.5,37.0
2026-03-16 10:32:00-04:00,2026-03-16 11:01:00-04:00,short,24905.75,24913.0,1,-16.0,29.0
2026-03-16 11:02:00-04:00,2026-03-16 11:14:00-04:00,short,24899.75,24910.5,1,-23.0,12.0
2026-03-16 11:15:00-04:00,2026-03-16 11:17:00-04:00,long,24917.0,24905.5,1,-24.5,2.0
2026-03-16 11:18:00-04:00,2026-03-16 11:56:00-04:00,long,24913.25,24907.0,1,-14.0,38.0
2026-03-16 11:57:00-04:00,2026-03-16 11:58:00-04:00,long,24923.5,24894.5,1,-59.5,1.0
2026-03-16 11:59:00-04:00,2026-03-16 12:08:00-04:00,short,24890.0,24912.0,1,-45.5,9.0
2026-03-16 12:09:00-04:00,2026-03-16 12:53:00-04:00,short,24907.0,24905.5,1,1.5,44.0
2026-03-16 12:54:00-04:00,2026-03-16 12:55:00-04:00,long,24905.5,24896.75,2,-36.5,1.0
2026-03-16 12:56:00-04:00,2026-03-16 13:01:00-04:00,short,24897.5,24933.5,2,-145.5,5.0
2026-03-16 13:02:00-04:00,2026-03-16 13:05:00-04:00,long,24920.0,24903.5,1,-34.5,3.0
2026-03-16 13:06:00-04:00,2026-03-16 13:40:00-04:00,long,24914.5,24900.25,1,-30.0,34.0
2026-03-16 13:41:00-04:00,2026-03-16 14:05:00-04:00,short,24902.25,24913.75,2,-47.5,24.0
2026-03-16 14:06:00-04:00,2026-03-16 15:06:00-04:00,long,24916.5,24904.0,2,-51.5,60.0
2026-03-16 15:07:00-04:00,2026-03-16 15:08:00-04:00,short,24906.5,24907.5,3,-7.5,1.0
2026-03-16 15:09:00-04:00,2026-03-16 15:21:00-04:00,long,24916.75,24906.75,1,-21.5,12.0
2026-03-16 15:22:00-04:00,2026-03-16 15:23:00-04:00,short,24908.75,24915.75,1,-15.5,1.0
2026-03-16 15:24:00-04:00,2026-03-16 16:00:00-04:00,short,24894.0,24884.5,1,17.5,36.0
2026-03-17 09:31:00-04:00,2026-03-17 10:03:00-04:00,long,25001.25,25063.0,2,245.5,32.0
2026-03-17 10:04:00-04:00,2026-03-17 10:06:00-04:00,short,25060.5,25077.0,1,-34.5,2.0
2026-03-17 10:07:00-04:00,2026-03-17 10:08:00-04:00,long,25077.0,25066.0,2,-45.5,1.0
2026-03-17 10:09:00-04:00,2026-03-17 10:10:00-04:00,long,25069.5,25064.25,2,-22.5,1.0
2026-03-17 10:11:00-04:00,2026-03-17 10:21:00-04:00,short,25053.5,25061.5,2,-33.5,10.0
2026-03-17 10:22:00-04:00,2026-03-17 10:23:00-04:00,long,25062.75,25058.0,1,-11.0,1.0
2026-03-17 10:24:00-04:00,2026-03-17 10:26:00-04:00,long,25066.5,25050.25,1,-34.0,2.0
2026-03-17 10:27:00-04:00,2026-03-17 10:28:00-04:00,short,25059.25,25060.0,1,-3.0,1.0
2026-03-17 10:29:00-04:00,2026-03-17 10:31:00-04:00,long,25071.25,25056.5,1,-31.0,2.0
2026-03-17 10:32:00-04:00,2026-03-17 10:33:00-04:00,short,25054.0,25069.0,1,-31.5,1.0
2026-03-17 10:34:00-04:00,2026-03-17 10:39:00-04:00,long,25077.5,25049.75,1,-57.0,5.0
2026-03-17 10:40:00-04:00,2026-03-17 10:43:00-04:00,short,25048.75,25066.75,2,-73.5,3.0
2026-03-17 10:44:00-04:00,2026-03-17 11:05:00-04:00,long,25083.5,25057.25,2,-106.5,21.0
2026-03-17 11:06:00-04:00,2026-03-17 13:04:00-04:00,short,25053.75,25037.0,2,65.5,118.0
2026-03-17 13:05:00-04:00,2026-03-17 13:54:00-04:00,short,25032.0,25038.25,2,-26.5,49.0
2026-03-17 13:55:00-04:00,2026-03-17 13:56:00-04:00,long,25038.75,25031.0,2,-32.5,1.0
2026-03-17 13:57:00-04:00,2026-03-17 14:00:00-04:00,long,25037.5,25034.25,2,-14.5,3.0
2026-03-17 14:01:00-04:00,2026-03-17 14:03:00-04:00,short,25029.75,25037.75,2,-33.5,2.0
2026-03-17 14:04:00-04:00,2026-03-17 14:06:00-04:00,long,25041.5,25034.25,2,-30.5,2.0
2026-03-17 14:07:00-04:00,2026-03-17 14:22:00-04:00,long,25047.5,25029.0,2,-75.5,15.0
2026-03-17 14:23:00-04:00,2026-03-17 16:00:00-04:00,short,25030.5,25010.5,3,118.5,97.0
2026-03-18 09:31:00-04:00,2026-03-18 09:33:00-04:00,short,24923.25,24940.5,2,-70.5,2.0
2026-03-18 09:34:00-04:00,2026-03-18 09:44:00-04:00,long,24940.25,24944.75,2,16.5,10.0
2026-03-18 09:45:00-04:00,2026-03-18 09:51:00-04:00,long,24953.25,24955.0,1,2.0,6.0
2026-03-18 09:52:00-04:00,2026-03-18 09:53:00-04:00,short,24939.25,24962.75,1,-48.5,1.0
2026-03-18 09:54:00-04:00,2026-03-18 09:59:00-04:00,short,24944.5,24962.5,1,-37.5,5.0
2026-03-18 10:00:00-04:00,2026-03-18 10:01:00-04:00,long,24969.25,24940.75,1,-58.5,1.0
2026-03-18 10:02:00-04:00,2026-03-18 10:03:00-04:00,long,24956.75,24926.0,1,-63.0,1.0
2026-03-18 10:04:00-04:00,2026-03-18 10:07:00-04:00,short,24941.0,24955.25,1,-30.0,3.0
2026-03-18 10:08:00-04:00,2026-03-18 10:11:00-04:00,long,24974.0,24942.25,1,-65.0,3.0
2026-03-18 10:12:00-04:00,2026-03-18 11:07:00-04:00,short,24931.5,24924.25,1,13.0,55.0
2026-03-18 11:08:00-04:00,2026-03-18 11:15:00-04:00,long,24928.25,24904.75,1,-48.5,7.0
2026-03-18 11:16:00-04:00,2026-03-18 11:34:00-04:00,short,24905.5,24916.0,1,-22.5,18.0
2026-03-18 11:35:00-04:00,2026-03-18 11:39:00-04:00,short,24903.25,24911.0,2,-32.5,4.0
2026-03-18 11:40:00-04:00,2026-03-18 11:55:00-04:00,short,24905.75,24911.75,2,-25.5,15.0
2026-03-18 11:56:00-04:00,2026-03-18 11:58:00-04:00,long,24913.0,24895.75,1,-36.0,2.0
2026-03-18 11:59:00-04:00,2026-03-18 12:00:00-04:00,long,24914.75,24899.0,1,-33.0,1.0
2026-03-18 12:01:00-04:00,2026-03-18 14:01:00-04:00,short,24879.5,24904.25,1,-51.0,120.0
2026-03-18 14:02:00-04:00,2026-03-18 14:03:00-04:00,long,24895.5,24894.5,2,-5.5,1.0
2026-03-18 14:04:00-04:00,2026-03-18 14:05:00-04:00,short,24891.75,24906.25,2,-59.5,1.0
2026-03-18 14:06:00-04:00,2026-03-18 16:00:00-04:00,short,24883.5,24652.75,1,460.0,114.0
2026-03-19 09:32:00-04:00,2026-03-19 09:38:00-04:00,short,24359.0,24372.0,1,-27.5,6.0
2026-03-19 09:39:00-04:00,2026-03-19 10:23:00-04:00,long,24394.5,24433.25,1,76.0,44.0
2026-03-19 10:24:00-04:00,2026-03-19 10:32:00-04:00,short,24440.5,24468.75,1,-58.0,8.0
2026-03-19 10:33:00-04:00,2026-03-19 11:22:00-04:00,long,24490.5,24465.5,1,-51.5,49.0
2026-03-19 11:23:00-04:00,2026-03-19 11:25:00-04:00,long,24469.25,24459.25,1,-21.5,2.0
2026-03-19 11:26:00-04:00,2026-03-19 11:59:00-04:00,short,24457.0,24469.5,1,-26.5,33.0
2026-03-19 12:00:00-04:00,2026-03-19 12:16:00-04:00,long,24474.75,24453.75,2,-85.5,16.0
2026-03-19 12:17:00-04:00,2026-03-19 12:22:00-04:00,short,24457.25,24465.25,1,-17.5,5.0
2026-03-19 12:23:00-04:00,2026-03-19 12:28:00-04:00,short,24438.25,24466.0,1,-57.0,5.0
2026-03-19 12:29:00-04:00,2026-03-19 12:32:00-04:00,long,24476.25,24461.5,1,-31.0,3.0
2026-03-19 12:33:00-04:00,2026-03-19 12:39:00-04:00,short,24454.5,24473.25,1,-39.0,6.0
2026-03-19 12:40:00-04:00,2026-03-19 12:51:00-04:00,long,24475.0,24453.0,1,-45.5,11.0
2026-03-19 12:52:00-04:00,2026-03-19 13:28:00-04:00,short,24437.25,24462.0,1,-51.0,36.0
2026-03-19 13:29:00-04:00,2026-03-19 13:31:00-04:00,short,24449.5,24461.5,1,-25.5,2.0
2026-03-19 13:32:00-04:00,2026-03-19 13:33:00-04:00,long,24460.75,24443.5,1,-36.0,1.0
2026-03-19 13:34:00-04:00,2026-03-19 13:53:00-04:00,short,24440.25,24478.75,1,-78.5,19.0
2026-03-19 13:54:00-04:00,2026-03-19 13:59:00-04:00,long,24473.75,24454.5,1,-40.0,5.0
2026-03-19 14:00:00-04:00,2026-03-19 14:09:00-04:00,short,24453.25,24462.75,1,-20.5,9.0
2026-03-19 14:10:00-04:00,2026-03-19 14:11:00-04:00,short,24458.75,24471.75,1,-27.5,1.0
2026-03-19 14:12:00-04:00,2026-03-19 14:31:00-04:00,long,24464.75,24454.25,1,-22.5,19.0
2026-03-19 14:32:00-04:00,2026-03-19 14:33:00-04:00,short,24458.0,24464.5,2,-27.5,1.0
2026-03-19 14:34:00-04:00,2026-03-19 14:35:00-04:00,short,24457.5,24461.25,2,-16.5,1.0
2026-03-19 14:36:00-04:00,2026-03-19 14:37:00-04:00,long,24461.25,24449.75,2,-47.5,1.0
2026-03-19 14:38:00-04:00,2026-03-19 14:57:00-04:00,short,24434.25,24465.75,2,-127.5,19.0
2026-03-19 14:58:00-04:00,2026-03-19 16:00:00-04:00,long,24486.5,24574.5,1,174.5,62.0
2026-03-20 09:32:00-04:00,2026-03-20 09:42:00-04:00,short,24408.0,24431.75,1,-49.0,10.0
2026-03-20 09:43:00-04:00,2026-03-20 09:47:00-04:00,long,24418.0,24413.0,1,-11.5,4.0
2026-03-20 09:48:00-04:00,2026-03-20 09:50:00-04:00,long,24433.5,24415.5,1,-37.5,2.0
2026-03-20 09:51:00-04:00,2026-03-20 11:24:00-04:00,short,24361.5,24326.0,1,69.5,93.0
2026-03-20 11:25:00-04:00,2026-03-20 11:59:00-04:00,short,24273.5,24318.75,1,-92.0,34.0
2026-03-20 12:00:00-04:00,2026-03-20 12:01:00-04:00,short,24313.0,24318.5,1,-12.5,1.0
2026-03-20 12:02:00-04:00,2026-03-20 12:09:00-04:00,long,24323.5,24314.5,1,-19.5,7.0
2026-03-20 12:10:00-04:00,2026-03-20 12:27:00-04:00,long,24324.5,24305.5,2,-77.5,17.0
2026-03-20 12:28:00-04:00,2026-03-20 16:00:00-04:00,short,24308.0,24114.25,2,773.5,212.0
2026-03-23 09:32:00-04:00,2026-03-23 09:33:00-04:00,long,24493.0,24465.25,1,-57.0,1.0
2026-03-23 09:34:00-04:00,2026-03-23 09:35:00-04:00,long,24493.75,24477.0,1,-35.0,1.0
2026-03-23 09:36:00-04:00,2026-03-23 09:37:00-04:00,short,24451.5,24493.5,1,-85.5,1.0
2026-03-23 09:38:00-04:00,2026-03-23 09:45:00-04:00,long,24493.5,24498.0,1,7.5,7.0
2026-03-23 09:46:00-04:00,2026-03-23 11:36:00-04:00,long,24541.25,24586.25,1,88.5,110.0
2026-03-23 11:37:00-04:00,2026-03-23 14:36:00-04:00,short,24563.5,24515.0,1,95.5,179.0
2026-03-23 14:37:00-04:00,2026-03-23 14:40:00-04:00,long,24524.5,24508.75,2,-64.5,3.0
2026-03-23 14:41:00-04:00,2026-03-23 14:47:00-04:00,short,24507.5,24519.5,2,-49.5,6.0
2026-03-23 14:48:00-04:00,2026-03-23 14:51:00-04:00,long,24519.0,24507.75,2,-46.5,3.0
2026-03-23 14:52:00-04:00,2026-03-23 14:53:00-04:00,long,24516.75,24507.5,2,-38.5,1.0
2026-03-23 14:54:00-04:00,2026-03-23 14:59:00-04:00,short,24510.25,24520.25,2,-41.5,5.0
2026-03-23 15:00:00-04:00,2026-03-23 15:01:00-04:00,long,24514.5,24498.75,2,-64.5,1.0
2026-03-23 15:02:00-04:00,2026-03-23 16:00:00-04:00,short,24501.75,24398.5,2,411.5,58.0
2026-03-24 09:31:00-04:00,2026-03-24 09:32:00-04:00,short,24263.25,24312.25,1,-99.5,1.0
2026-03-24 09:33:00-04:00,2026-03-24 09:36:00-04:00,long,24290.5,24272.5,1,-37.5,3.0
2026-03-24 09:37:00-04:00,2026-03-24 10:00:00-04:00,short,24247.25,24215.75,1,61.5,23.0
2026-03-24 10:01:00-04:00,2026-03-24 10:06:00-04:00,long,24241.5,24211.5,1,-61.5,5.0
2026-03-24 10:07:00-04:00,2026-03-24 10:14:00-04:00,long,24232.25,24194.25,1,-77.5,7.0
2026-03-24 10:15:00-04:00,2026-03-24 10:16:00-04:00,long,24222.0,24213.5,1,-18.5,1.0
2026-03-24 10:17:00-04:00,2026-03-24 10:19:00-04:00,short,24192.0,24223.75,1,-65.0,2.0
2026-03-24 10:20:00-04:00,2026-03-24 10:23:00-04:00,long,24226.25,24187.0,1,-80.0,3.0
2026-03-24 10:24:00-04:00,2026-03-24 10:28:00-04:00,short,24198.5,24237.75,1,-80.0,4.0
2026-03-24 10:29:00-04:00,2026-03-24 10:30:00-04:00,long,24234.25,24204.5,1,-61.0,1.0
2026-03-24 10:31:00-04:00,2026-03-24 10:34:00-04:00,short,24210.0,24227.25,1,-36.0,3.0
2026-03-24 10:35:00-04:00,2026-03-24 10:37:00-04:00,long,24232.25,24197.5,1,-71.0,2.0
2026-03-24 10:38:00-04:00,2026-03-24 10:41:00-04:00,short,24196.0,24225.25,1,-60.0,3.0
2026-03-24 10:42:00-04:00,2026-03-24 10:46:00-04:00,long,24226.25,24212.5,1,-29.0,4.0
2026-03-24 10:47:00-04:00,2026-03-24 10:51:00-04:00,long,24266.25,24197.25,1,-139.5,4.0
2026-03-24 10:52:00-04:00,2026-03-24 12:38:00-04:00,long,24291.0,24262.0,1,-59.5,106.0
2026-03-24 12:39:00-04:00,2026-03-24 12:40:00-04:00,long,24264.25,24250.0,1,-30.0,1.0
2026-03-24 12:41:00-04:00,2026-03-24 12:43:00-04:00,short,24250.5,24265.25,1,-31.0,2.0
2026-03-24 12:44:00-04:00,2026-03-24 13:04:00-04:00,long,24281.75,24239.75,1,-85.5,20.0
2026-03-24 13:05:00-04:00,2026-03-24 14:01:00-04:00,short,24220.75,24257.5,1,-75.0,56.0
2026-03-24 14:02:00-04:00,2026-03-24 14:28:00-04:00,short,24244.75,24273.0,2,-114.5,26.0
2026-03-24 14:29:00-04:00,2026-03-24 14:30:00-04:00,short,24253.75,24259.75,1,-13.5,1.0
2026-03-24 14:31:00-04:00,2026-03-24 14:32:00-04:00,short,24253.5,24285.5,1,-65.5,1.0
2026-03-24 14:33:00-04:00,2026-03-24 15:33:00-04:00,long,24292.25,24257.25,1,-71.5,60.0
2026-03-24 15:34:00-04:00,2026-03-24 16:00:00-04:00,short,24256.75,24218.75,3,226.5,26.0
2026-03-25 09:31:00-04:00,2026-03-25 09:32:00-04:00,short,24454.5,24461.5,2,-29.5,1.0
2026-03-25 09:33:00-04:00,2026-03-25 09:34:00-04:00,long,24460.5,24437.5,2,-93.5,1.0
2026-03-25 09:35:00-04:00,2026-03-25 09:44:00-04:00,long,24466.25,24474.0,1,14.0,9.0
2026-03-25 09:45:00-04:00,2026-03-25 10:13:00-04:00,short,24452.25,24437.75,1,27.5,28.0
2026-03-25 10:14:00-04:00,2026-03-25 11:08:00-04:00,long,24427.25,24435.25,1,14.5,54.0
2026-03-25 11:09:00-04:00,2026-03-25 11:31:00-04:00,short,24443.5,24434.75,2,33.5,22.0
2026-03-25 11:32:00-04:00,2026-03-25 11:35:00-04:00,long,24442.0,24430.25,1,-25.0,3.0
2026-03-25 11:36:00-04:00,2026-03-25 12:26:00-04:00,short,24421.0,24427.0,1,-13.5,50.0
2026-03-25 12:27:00-04:00,2026-03-25 12:28:00-04:00,long,24426.25,24416.25,1,-21.5,1.0
2026-03-25 12:29:00-04:00,2026-03-25 12:32:00-04:00,short,24412.0,24435.25,1,-48.0,3.0
2026-03-25 12:33:00-04:00,2026-03-25 12:48:00-04:00,long,24435.5,24420.25,1,-32.0,15.0
2026-03-25 12:49:00-04:00,2026-03-25 12:54:00-04:00,short,24418.25,24428.5,2,-42.5,5.0
2026-03-25 12:55:00-04:00,2026-03-25 12:59:00-04:00,long,24437.75,24419.0,2,-76.5,4.0
2026-03-25 13:00:00-04:00,2026-03-25 13:04:00-04:00,long,24422.25,24406.0,2,-66.5,4.0
2026-03-25 13:05:00-04:00,2026-03-25 13:26:00-04:00,short,24406.5,24421.5,2,-61.5,21.0
2026-03-25 13:27:00-04:00,2026-03-25 13:32:00-04:00,long,24433.25,24413.75,2,-79.5,5.0
2026-03-25 13:33:00-04:00,2026-03-25 13:53:00-04:00,long,24423.0,24420.5,2,-11.5,20.0
2026-03-25 13:54:00-04:00,2026-03-25 13:57:00-04:00,short,24417.75,24422.5,2,-20.5,3.0
2026-03-25 13:58:00-04:00,2026-03-25 14:02:00-04:00,long,24431.5,24421.0,2,-43.5,4.0
2026-03-25 14:03:00-04:00,2026-03-25 14:04:00-04:00,long,24423.25,24415.0,2,-34.5,1.0
2026-03-25 14:05:00-04:00,2026-03-25 14:09:00-04:00,long,24422.25,24412.5,2,-40.5,4.0
2026-03-25 14:10:00-04:00,2026-03-25 14:11:00-04:00,short,24420.0,24422.75,2,-12.5,1.0
2026-03-25 14:12:00-04:00,2026-03-25 14:29:00-04:00,long,24431.5,24419.5,2,-49.5,17.0
2026-03-25 14:30:00-04:00,2026-03-25 16:00:00-04:00,short,24413.0,24372.0,2,162.5,90.0
2026-03-26 09:32:00-04:00,2026-03-26 09:35:00-04:00,short,24108.5,24122.75,1,-30.0,3.0
2026-03-26 09:36:00-04:00,2026-03-26 09:38:00-04:00,short,24097.25,24121.25,1,-49.5,2.0
2026-03-26 09:39:00-04:00,2026-03-26 09:43:00-04:00,short,24092.25,24105.0,1,-27.0,4.0
2026-03-26 09:44:00-04:00,2026-03-26 10:38:00-04:00,long,24131.25,24166.0,1,68.0,54.0
2026-03-26 10:39:00-04:00,2026-03-26 10:40:00-04:00,short,24164.5,24174.5,1,-21.5,1.0
2026-03-26 10:41:00-04:00,2026-03-26 10:43:00-04:00,long,24179.75,24153.75,1,-53.5,2.0
2026-03-26 10:44:00-04:00,2026-03-26 16:00:00-04:00,short,24139.5,23787.25,1,703.0,316.0
2026-03-27 09:32:00-04:00,2026-03-27 09:39:00-04:00,short,23613.25,23598.0,1,29.0,7.0
2026-03-27 09:40:00-04:00,2026-03-27 09:43:00-04:00,long,23594.25,23584.75,1,-20.5,3.0
2026-03-27 09:44:00-04:00,2026-03-27 09:46:00-04:00,short,23590.0,23619.75,1,-61.0,2.0
2026-03-27 09:47:00-04:00,2026-03-27 09:51:00-04:00,long,23633.5,23570.5,1,-127.5,4.0
2026-03-27 09:52:00-04:00,2026-03-27 10:18:00-04:00,short,23548.25,23557.75,1,-20.5,26.0
2026-03-27 10:19:00-04:00,2026-03-27 10:21:00-04:00,short,23538.5,23555.75,1,-36.0,2.0
2026-03-27 10:22:00-04:00,2026-03-27 11:04:00-04:00,short,23535.25,23534.5,1,0.0,42.0
2026-03-27 11:05:00-04:00,2026-03-27 11:07:00-04:00,long,23533.5,23520.75,1,-27.0,2.0
2026-03-27 11:08:00-04:00,2026-03-27 11:24:00-04:00,short,23509.5,23564.0,1,-110.5,16.0
2026-03-27 11:25:00-04:00,2026-03-27 11:27:00-04:00,short,23520.5,23539.0,1,-38.5,2.0
2026-03-27 11:28:00-04:00,2026-03-27 11:42:00-04:00,long,23554.0,23527.25,1,-55.0,14.0
2026-03-27 11:43:00-04:00,2026-03-27 12:02:00-04:00,long,23536.75,23529.25,1,-16.5,19.0
2026-03-27 12:03:00-04:00,2026-03-27 12:07:00-04:00,long,23544.25,23534.75,2,-39.5,4.0
2026-03-27 12:08:00-04:00,2026-03-27 16:00:00-04:00,short,23526.25,23308.5,2,869.5,232.0
2026-03-30 09:32:00-04:00,2026-03-30 09:33:00-04:00,long,23535.0,23504.75,1,-62.0,1.0
2026-03-30 09:34:00-04:00,2026-03-30 10:59:00-04:00,short,23492.25,23372.5,1,238.0,85.0
2026-03-30 11:00:00-04:00,2026-03-30 11:08:00-04:00,long,23377.5,23354.5,1,-47.5,8.0
2026-03-30 11:09:00-04:00,2026-03-30 11:34:00-04:00,short,23344.75,23376.0,1,-64.0,25.0
2026-03-30 11:35:00-04:00,2026-03-30 12:02:00-04:00,long,23386.25,23355.5,1,-63.0,27.0
2026-03-30 12:03:00-04:00,2026-03-30 16:00:00-04:00,short,23337.0,23135.75,1,401.0,237.0
2026-03-31 09:31:00-04:00,2026-03-31 09:32:00-04:00,short,23416.0,23433.5,1,-36.5,1.0
2026-03-31 09:33:00-04:00,2026-03-31 09:34:00-04:00,short,23389.75,23424.5,1,-71.0,1.0
2026-03-31 09:35:00-04:00,2026-03-31 09:37:00-04:00,long,23458.0,23415.0,1,-87.5,2.0
2026-03-31 09:38:00-04:00,2026-03-31 09:39:00-04:00,long,23437.75,23419.75,1,-37.5,1.0
2026-03-31 09:40:00-04:00,2026-03-31 09:45:00-04:00,long,23443.75,23416.75,1,-55.5,5.0
2026-03-31 09:46:00-04:00,2026-03-31 10:43:00-04:00,long,23458.0,23503.75,1,90.0,57.0
2026-03-31 10:44:00-04:00,2026-03-31 11:07:00-04:00,short,23487.0,23505.25,1,-38.0,23.0
2026-03-31 11:08:00-04:00,2026-03-31 11:09:00-04:00,long,23497.75,23484.75,1,-27.5,1.0
2026-03-31 11:10:00-04:00,2026-03-31 11:12:00-04:00,short,23477.25,23495.5,1,-38.0,2.0
2026-03-31 11:13:00-04:00,2026-03-31 11:30:00-04:00,long,23505.0,23492.5,1,-26.5,17.0
2026-03-31 11:31:00-04:00,2026-03-31 11:36:00-04:00,short,23479.0,23506.75,1,-57.0,5.0
2026-03-31 11:37:00-04:00,2026-03-31 11:41:00-04:00,long,23514.5,23494.5,1,-41.5,4.0
2026-03-31 11:42:00-04:00,2026-03-31 11:43:00-04:00,long,23495.0,23492.25,1,-7.0,1.0
2026-03-31 11:44:00-04:00,2026-03-31 11:52:00-04:00,short,23483.25,23500.25,1,-35.5,8.0
2026-03-31 11:53:00-04:00,2026-03-31 11:55:00-04:00,long,23506.0,23487.0,1,-39.5,2.0
2026-03-31 11:56:00-04:00,2026-03-31 12:02:00-04:00,short,23478.75,23493.5,2,-60.5,6.0
2026-03-31 12:03:00-04:00,2026-03-31 12:04:00-04:00,long,23494.5,23484.75,1,-21.0,1.0
2026-03-31 12:05:00-04:00,2026-03-31 12:06:00-04:00,short,23481.0,23495.25,1,-30.0,1.0
2026-03-31 12:07:00-04:00,2026-03-31 12:13:00-04:00,long,23506.5,23492.25,1,-30.0,6.0
2026-03-31 12:14:00-04:00,2026-03-31 16:00:00-04:00,long,23512.0,23910.0,1,794.5,226.0
2026-04-01 09:31:00-04:00,2026-04-01 09:32:00-04:00,long,24083.25,24071.25,2,-49.5,1.0
2026-04-01 09:33:00-04:00,2026-04-01 09:43:00-04:00,long,24124.25,24104.5,1,-41.0,10.0
2026-04-01 09:44:00-04:00,2026-04-01 09:54:00-04:00,short,24069.25,24120.0,1,-103.0,10.0
2026-04-01 09:55:00-04:00,2026-04-01 10:00:00-04:00,short,24098.5,24119.75,1,-44.0,5.0
2026-04-01 10:01:00-04:00,2026-04-01 14:17:00-04:00,long,24123.0,24207.5,1,167.5,256.0
2026-04-01 14:18:00-04:00,2026-04-01 15:20:00-04:00,short,24197.5,24211.5,2,-57.5,62.0
2026-04-01 15:21:00-04:00,2026-04-01 15:22:00-04:00,long,24214.5,24202.25,2,-50.5,1.0
2026-04-01 15:23:00-04:00,2026-04-01 15:36:00-04:00,long,24210.5,24206.0,2,-19.5,13.0
2026-04-01 15:37:00-04:00,2026-04-01 15:53:00-04:00,long,24221.0,24205.5,2,-63.5,16.0
2026-04-01 15:54:00-04:00,2026-04-01 16:00:00-04:00,short,24203.0,24201.75,2,3.5,6.0
2026-04-02 09:31:00-04:00,2026-04-02 09:32:00-04:00,short,23794.5,23812.75,2,-74.5,1.0
2026-04-02 09:33:00-04:00,2026-04-02 09:47:00-04:00,short,23776.75,23773.5,1,5.0,14.0
2026-04-02 09:48:00-04:00,2026-04-02 16:00:00-04:00,long,23776.75,24221.0,1,887.0,372.0
2026-04-06 09:31:00-04:00,2026-04-06 09:32:00-04:00,short,24329.75,24342.5,1,-27.0,1.0
2026-04-06 09:33:00-04:00,2026-04-06 09:34:00-04:00,short,24316.5,24365.75,1,-100.0,1.0
2026-04-06 09:35:00-04:00,2026-04-06 09:36:00-04:00,long,24353.5,24324.5,1,-59.5,1.0
2026-04-06 09:37:00-04:00,2026-04-06 09:42:00-04:00,short,24253.75,24312.0,1,-118.0,5.0
2026-04-06 09:43:00-04:00,2026-04-06 10:04:00-04:00,long,24325.25,24332.25,1,12.5,21.0
2026-04-06 10:05:00-04:00,2026-04-06 10:14:00-04:00,short,24292.25,24338.75,1,-94.5,9.0
2026-04-06 10:15:00-04:00,2026-04-06 10:39:00-04:00,long,24355.0,24299.25,1,-113.0,24.0
2026-04-06 10:40:00-04:00,2026-04-06 10:41:00-04:00,short,24302.5,24341.25,1,-79.0,1.0
2026-04-06 10:42:00-04:00,2026-04-06 12:36:00-04:00,short,24329.75,24328.5,1,1.0,114.0
2026-04-06 12:37:00-04:00,2026-04-06 12:53:00-04:00,long,24327.5,24323.5,2,-17.5,16.0
2026-04-06 12:54:00-04:00,2026-04-06 13:37:00-04:00,short,24324.0,24320.0,4,30.5,43.0
2026-04-06 13:38:00-04:00,2026-04-06 14:17:00-04:00,short,24303.5,24315.0,2,-47.5,39.0
2026-04-06 14:18:00-04:00,2026-04-06 16:00:00-04:00,long,24320.75,24362.5,2,165.5,102.0
2026-04-07 09:31:00-04:00,2026-04-07 09:37:00-04:00,short,24251.75,24242.25,1,17.5,6.0
2026-04-07 09:38:00-04:00,2026-04-07 09:39:00-04:00,long,24245.5,24231.5,1,-29.5,1.0
2026-04-07 09:40:00-04:00,2026-04-07 10:34:00-04:00,short,24211.0,24137.25,1,146.0,54.0
2026-04-07 10:35:00-04:00,2026-04-07 11:56:00-04:00,short,24112.75,24104.0,1,16.0,81.0
2026-04-07 11:57:00-04:00,2026-04-07 11:58:00-04:00,short,24093.75,24096.25,2,-11.5,1.0
2026-04-07 11:59:00-04:00,2026-04-07 14:54:00-04:00,long,24100.0,24122.0,2,86.5,175.0
2026-04-07 14:55:00-04:00,2026-04-07 15:16:00-04:00,short,24113.75,24141.5,2,-112.5,21.0
2026-04-07 15:17:00-04:00,2026-04-07 16:00:00-04:00,long,24149.5,24370.5,2,882.5,43.0
2026-04-08 09:31:00-04:00,2026-04-08 09:36:00-04:00,short,25185.0,25171.5,1,25.5,5.0
2026-04-08 09:37:00-04:00,2026-04-08 09:47:00-04:00,short,25166.75,25147.5,1,37.0,10.0
2026-04-08 09:48:00-04:00,2026-04-08 09:51:00-04:00,long,25153.25,25128.75,1,-50.5,3.0
2026-04-08 09:52:00-04:00,2026-04-08 11:47:00-04:00,short,25085.5,25071.75,1,26.0,115.0
2026-04-08 11:48:00-04:00,2026-04-08 12:18:00-04:00,long,25075.0,25066.25,2,-36.5,30.0
2026-04-08 12:19:00-04:00,2026-04-08 12:21:00-04:00,long,25072.75,25068.5,2,-18.5,2.0
2026-04-08 12:22:00-04:00,2026-04-08 14:19:00-04:00,long,25080.0,25078.25,2,-8.5,117.0
2026-04-08 14:20:00-04:00,2026-04-08 16:00:00-04:00,short,25054.75,25079.75,1,-51.5,100.0
2026-04-09 09:31:00-04:00,2026-04-09 09:32:00-04:00,short,25076.0,25086.0,3,-61.5,1.0
2026-04-09 09:33:00-04:00,2026-04-09 09:39:00-04:00,short,25048.0,25060.5,1,-26.5,6.0
2026-04-09 09:40:00-04:00,2026-04-09 09:41:00-04:00,long,25061.75,25054.0,1,-17.0,1.0
2026-04-09 09:42:00-04:00,2026-04-09 09:51:00-04:00,long,25075.0,25051.0,1,-49.5,9.0
2026-04-09 09:52:00-04:00,2026-04-09 10:53:00-04:00,short,25036.75,25026.5,1,19.0,61.0
2026-04-09 10:54:00-04:00,2026-04-09 11:08:00-04:00,long,25037.5,25022.75,2,-60.5,14.0
2026-04-09 11:09:00-04:00,2026-04-09 11:11:00-04:00,short,25025.25,25036.75,2,-47.5,2.0
2026-04-09 11:12:00-04:00,2026-04-09 16:00:00-04:00,long,25034.75,25249.25,2,856.5,288.0
2026-04-10 09:31:00-04:00,2026-04-10 09:32:00-04:00,short,25326.75,25353.5,2,-108.5,1.0
2026-04-10 09:33:00-04:00,2026-04-10 09:35:00-04:00,long,25357.75,25337.5,2,-82.5,2.0
2026-04-10 09:36:00-04:00,2026-04-10 09:38:00-04:00,short,25313.75,25349.25,1,-72.5,2.0
2026-04-10 09:39:00-04:00,2026-04-10 09:46:00-04:00,short,25329.25,25333.75,1,-10.5,7.0
2026-04-10 09:47:00-04:00,2026-04-10 09:50:00-04:00,long,25333.75,25323.5,1,-22.0,3.0
2026-04-10 09:51:00-04:00,2026-04-10 09:53:00-04:00,short,25303.25,25335.5,1,-66.0,2.0
2026-04-10 09:54:00-04:00,2026-04-10 09:57:00-04:00,long,25331.75,25327.25,1,-10.5,3.0
2026-04-10 09:58:00-04:00,2026-04-10 10:15:00-04:00,short,25328.75,25322.5,1,11.0,17.0
2026-04-10 10:16:00-04:00,2026-04-10 10:43:00-04:00,long,25330.0,25314.5,2,-63.5,27.0
2026-04-10 10:44:00-04:00,2026-04-10 10:46:00-04:00,short,25325.0,25330.25,1,-12.0,2.0
2026-04-10 10:47:00-04:00,2026-04-10 10:50:00-04:00,long,25333.5,25317.0,1,-34.5,3.0
2026-04-10 10:51:00-04:00,2026-04-10 10:55:00-04:00,long,25331.75,25321.75,1,-21.5,4.0
2026-04-10 10:56:00-04:00,2026-04-10 10:57:00-04:00,short,25323.5,25339.75,1,-34.0,1.0
2026-04-10 10:58:00-04:00,2026-04-10 11:33:00-04:00,long,25349.0,25331.75,1,-36.0,35.0
2026-04-10 11:34:00-04:00,2026-04-10 11:35:00-04:00,short,25330.0,25334.5,2,-19.5,1.0
2026-04-10 11:36:00-04:00,2026-04-10 16:00:00-04:00,short,25328.75,25284.0,2,177.5,264.0
2026-04-13 09:31:00-04:00,2026-04-13 09:34:00-04:00,short,25228.0,25220.5,3,43.5,3.0
2026-04-13 09:35:00-04:00,2026-04-13 09:36:00-04:00,long,25221.75,25206.5,2,-62.5,1.0
2026-04-13 09:37:00-04:00,2026-04-13 09:49:00-04:00,short,25182.5,25214.75,1,-66.0,12.0
2026-04-13 09:50:00-04:00,2026-04-13 16:00:00-04:00,long,25271.25,25537.75,1,531.5,370.0
2026-04-14 09:31:00-04:00,2026-04-14 09:32:00-04:00,short,25689.0,25708.75,2,-80.5,1.0
2026-04-14 09:33:00-04:00,2026-04-14 09:40:00-04:00,long,25705.5,25708.25,1,4.0,7.0
2026-04-14 09:41:00-04:00,2026-04-14 09:42:00-04:00,short,25710.5,25727.5,1,-35.5,1.0
2026-04-14 09:43:00-04:00,2026-04-14 09:58:00-04:00,long,25738.5,25728.0,1,-22.5,15.0
2026-04-14 09:59:00-04:00,2026-04-14 10:03:00-04:00,short,25725.75,25729.25,2,-15.5,4.0
2026-04-14 10:04:00-04:00,2026-04-14 10:06:00-04:00,short,25723.25,25731.25,2,-33.5,2.0
2026-04-14 10:07:00-04:00,2026-04-14 16:00:00-04:00,long,25741.75,26000.5,2,1033.5,353.0
