datetime,trade_pnl,equity,equity_smooth
2026-01-20 09:34:00-0500,-46.5,24953.5,24848.5
2026-01-20 09:37:00-0500,-114.5,24839.0,24799.25
2026-01-20 09:39:00-0500,-86.0,24753.0,24760.2
2026-01-20 09:41:00-0500,-101.5,24651.5,24686.2
2026-01-20 09:43:00-0500,-47.5,24604.0,24623.9
2026-01-20 09:47:00-0500,-20.5,24583.5,24565.2
2026-01-20 09:50:00-0500,-56.0,24527.5,24524.3
2026-01-20 10:01:00-0500,-68.0,24459.5,24483.4
2026-01-20 10:06:00-0500,-12.5,24447.0,24421.5
2026-01-20 10:08:00-0500,-47.5,24399.5,24368.0
2026-01-20 10:22:00-0500,-125.5,24274.0,24319.6
2026-01-20 12:22:00-0500,-14.0,24260.0,24434.2
2026-01-20 12:25:00-0500,-42.5,24217.5,24568.0
2026-01-20 16:00:00-0500,802.5,25020.0,24703.1
2026-01-21 09:38:00-0500,48.5,25068.5,24817.3
2026-01-21 09:41:00-0500,-119.0,24949.5,24993.4
2026-01-21 09:44:00-0500,-118.5,24831.0,25025.7
2026-01-21 11:40:00-0500,267.0,25098.0,25045.7
2026-01-21 13:52:00-0500,83.5,25181.5,25055.8
2026-01-21 14:02:00-0500,-13.0,25168.5,25115.0
2026-01-21 14:28:00-0500,-168.5,25000.0,25115.3
2026-01-21 16:00:00-0500,127.0,25127.0,25098.3
2026-01-22 09:33:00-0500,-27.5,25099.5,25077.6
2026-01-22 09:38:00-0500,-3.0,25096.5,25113.4
2026-01-22 09:41:00-0500,-31.5,25065.0,25116.7
2026-01-22 10:34:00-0500,114.0,25179.0,25133.4
2026-01-22 11:00:00-0500,-35.5,25143.5,25138.7
2026-01-22 15:00:00-0500,39.5,25183.0,25140.8
2026-01-22 15:03:00-0500,-60.0,25123.0,25112.4
2026-01-22 15:07:00-0500,-47.5,25075.5,25070.4
2026-01-22 15:15:00-0500,-38.5,25037.0,25002.2
2026-01-22 15:25:00-0500,-103.5,24933.5,24964.9
2026-01-22 15:52:00-0500,-91.5,24842.0,24914.2
2026-01-22 16:00:00-0500,94.5,24936.5,24869.8
2026-01-23 09:32:00-0500,-114.5,24822.0,24838.5
2026-01-23 09:41:00-0500,-7.0,24815.0,24809.8
2026-01-23 09:47:00-0500,-38.0,24777.0,24801.6
2026-01-23 09:52:00-0500,-78.5,24698.5,24802.2
2026-01-23 12:47:00-0500,197.0,24895.5,24787.7
2026-01-23 12:51:00-0500,-70.5,24825.0,24765.5
2026-01-23 13:08:00-0500,-82.5,24742.5,24756.3
2026-01-23 13:46:00-0500,-76.5,24666.0,24701.2
2026-01-23 13:49:00-0500,-13.5,24652.5,24655.1
2026-01-23 13:51:00-0500,-32.5,24620.0,24619.5
2026-01-23 13:55:00-0500,-25.5,24594.5,24588.7
2026-01-23 14:00:00-0500,-30.0,24564.5,24551.5
2026-01-23 14:42:00-0500,-52.5,24512.0,24515.1
2026-01-23 15:07:00-0500,-45.5,24466.5,24472.1
2026-01-23 15:16:00-0500,-28.5,24438.0,24427.0
2026-01-23 15:22:00-0500,-58.5,24379.5,24381.3
2026-01-23 15:45:00-0500,-40.5,24339.0,24332.6
2026-01-23 15:52:00-0500,-55.5,24283.5,24289.3
2026-01-23 15:54:00-0500,-60.5,24223.0,24300.1
2026-01-23 16:00:00-0500,-1.5,24221.5,24314.2
2026-01-26 15:52:00-0500,212.0,24433.5,24356.5
2026-01-26 15:54:00-0500,-24.0,24409.5,24406.6
2026-01-26 16:00:00-0500,85.5,24495.0,24453.5
2026-01-27 09:34:00-0500,-21.5,24473.5,24456.0
2026-01-27 09:42:00-0500,-17.5,24456.0,24456.9
2026-01-27 09:44:00-0500,-10.0,24446.0,24479.6
2026-01-27 09:46:00-0500,-32.0,24414.0,24501.8
2026-01-27 16:00:00-0500,194.5,24608.5,24505.2
2026-01-28 09:35:00-0500,-24.0,24584.5,24497.8
2026-01-28 09:41:00-0500,-111.5,24473.0,24484.4
2026-01-28 09:48:00-0500,-64.0,24409.0,24422.8
2026-01-28 09:51:00-0500,-62.0,24347.0,24389.9
2026-01-28 10:00:00-0500,-46.5,24300.5,24376.2
2026-01-28 14:49:00-0500,119.5,24420.0,24358.0
2026-01-28 14:52:00-0500,-15.5,24404.5,24349.3
2026-01-28 14:57:00-0500,-86.5,24318.0,24338.1
2026-01-28 14:59:00-0500,-14.5,24303.5,24298.1
2026-01-28 15:07:00-0500,-59.0,24244.5,24249.9
2026-01-28 15:09:00-0500,-24.5,24220.0,24241.3
2026-01-28 15:26:00-0500,-56.5,24163.5,24647.2
2026-01-28 16:00:00-0500,111.5,24275.0,25040.2
2026-01-29 12:14:00-0500,2058.0,26333.0,25427.5
2026-01-29 12:53:00-0500,-123.5,26209.5,25900.5
2026-01-29 13:03:00-0500,-53.0,26156.5,26358.9
2026-01-29 16:00:00-0500,372.0,26528.5,26394.6
2026-01-30 09:34:00-0500,38.5,26567.0,26451.7
2026-01-30 09:38:00-0500,-55.5,26511.5,26505.5
2026-01-30 09:45:00-0500,-16.5,26495.0,26473.7
2026-01-30 09:50:00-0500,-69.5,26425.5,26429.5
2026-01-30 09:55:00-0500,-56.0,26369.5,26385.9
2026-01-30 09:57:00-0500,-23.5,26346.0,26336.8
2026-01-30 10:07:00-0500,-52.5,26293.5,26298.2
2026-01-30 10:22:00-0500,-44.0,26249.5,26253.1
2026-01-30 10:36:00-0500,-17.0,26232.5,26203.3
2026-01-30 10:39:00-0500,-88.5,26144.0,26238.3
2026-01-30 10:54:00-0500,-47.0,26097.0,26278.6
2026-01-30 16:00:00-0500,371.5,26468.5,26402.9
2026-02-02 09:32:00-0500,-17.5,26451.0,26564.1
2026-02-02 15:51:00-0500,403.0,26854.0,26714.4
2026-02-02 16:00:00-0500,96.0,26950.0,26965.6
2026-02-03 09:32:00-0500,-101.5,26848.5,27211.4
2026-02-03 16:00:00-0500,876.0,27724.5,27360.3
2026-02-04 09:35:00-0500,-44.5,27680.0,27476.6
2026-02-04 09:41:00-0500,-81.5,27598.5,27594.0
2026-02-04 09:46:00-0500,-67.0,27531.5,27516.1
2026-02-04 09:49:00-0500,-96.0,27435.5,27458.7
2026-02-04 09:51:00-0500,-100.5,27335.0,27412.2
2026-02-04 10:24:00-0500,58.0,27393.0,27433.5
2026-02-04 10:27:00-0500,-27.0,27366.0,27469.0
2026-02-04 14:49:00-0500,272.0,27638.0,27511.9
2026-02-04 14:52:00-0500,-25.0,27613.0,27534.2
2026-02-04 15:02:00-0500,-63.5,27549.5,27553.9
2026-02-04 15:04:00-0500,-45.0,27504.5,27516.2
2026-02-04 15:10:00-0500,-40.0,27464.5,27476.2
2026-02-04 15:28:00-0500,-15.0,27449.5,27435.5
2026-02-04 15:30:00-0500,-36.5,27413.0,27386.9
2026-02-04 15:38:00-0500,-67.0,27346.0,27328.6
2026-02-04 15:45:00-0500,-84.5,27261.5,27245.4
2026-02-04 15:48:00-0500,-88.5,27173.0,27185.7
2026-02-04 15:51:00-0500,-139.5,27033.5,27123.0
2026-02-04 16:00:00-0500,81.0,27114.5,27035.3
2026-02-05 09:33:00-0500,-82.0,27032.5,26977.8
2026-02-05 09:35:00-0500,-209.5,26823.0,26978.5
2026-02-05 09:56:00-0500,62.5,26885.5,26944.2
2026-02-05 11:23:00-0500,151.5,27037.0,26932.4
2026-02-05 11:25:00-0500,-94.0,26943.0,26959.9
2026-02-05 13:23:00-0500,30.5,26973.5,26965.1
2026-02-05 13:25:00-0500,-13.0,26960.5,26936.0
2026-02-05 13:27:00-0500,-49.0,26911.5,26920.3
2026-02-05 13:37:00-0500,-20.0,26891.5,26892.0
2026-02-05 13:39:00-0500,-27.0,26864.5,26862.8
2026-02-05 14:04:00-0500,-32.5,26832.0,26833.9
2026-02-05 14:06:00-0500,-17.5,26814.5,26792.9
2026-02-05 14:32:00-0500,-47.5,26767.0,26738.6
2026-02-05 15:02:00-0500,-80.5,26686.5,26717.6
2026-02-05 15:16:00-0500,-93.5,26593.0,26742.0
2026-02-05 16:00:00-0500,134.0,26727.0,26766.9
2026-02-06 09:57:00-0500,209.5,26936.5,26797.4
2026-02-06 09:59:00-0500,-45.0,26891.5,26815.1
2026-02-06 10:22:00-0500,-52.5,26839.0,26805.7
2026-02-06 10:24:00-0500,-157.5,26681.5,26737.8
2026-02-06 10:26:00-0500,-1.5,26680.0,26668.6
2026-02-06 10:51:00-0500,-83.0,26597.0,26597.5
2026-02-06 10:53:00-0500,-51.5,26545.5,26664.6
2026-02-06 10:56:00-0500,-62.0,26483.5,26864.1
2026-02-06 16:00:00-0500,533.5,27017.0,27074.7
2026-02-09 16:00:00-0500,660.5,27677.5,27278.7
2026-02-10 09:33:00-0500,-27.5,27650.0,27499.5
2026-02-10 09:36:00-0500,-84.5,27565.5,27622.2
2026-02-10 09:52:00-0500,22.0,27587.5,27606.5
2026-02-10 10:57:00-0500,43.0,27630.5,27589.2
2026-02-10 11:07:00-0500,-31.5,27599.0,27579.7
2026-02-10 11:09:00-0500,-35.5,27563.5,27559.7
2026-02-10 11:11:00-0500,-45.5,27518.0,27529.5
2026-02-10 11:21:00-0500,-30.5,27487.5,27505.0
2026-02-10 12:15:00-0500,-8.0,27479.5,27474.1
2026-02-10 12:23:00-0500,-3.0,27476.5,27433.7
2026-02-10 12:31:00-0500,-67.5,27409.0,27397.7
2026-02-10 12:36:00-0500,-93.0,27316.0,27356.2
2026-02-10 12:38:00-0500,-8.5,27307.5,27307.6
2026-02-10 12:40:00-0500,-35.5,27272.0,27441.1
2026-02-10 13:06:00-0500,-38.5,27233.5,27597.0
2026-02-10 16:00:00-0500,843.0,28076.5,27755.2
2026-02-11 09:32:00-0500,19.0,28095.5,27905.5
2026-02-11 09:46:00-0500,3.0,28098.5,28049.3
2026-02-11 09:49:00-0500,-75.0,28023.5,28074.3
2026-02-11 09:51:00-0500,-71.0,27952.5,28088.4
2026-02-11 10:55:00-0500,249.0,28201.5,28098.9
2026-02-11 10:58:00-0500,-35.5,28166.0,28117.1
2026-02-11 11:00:00-0500,-15.0,28151.0,28142.1
2026-02-11 11:14:00-0500,-36.5,28114.5,28115.8
2026-02-11 11:16:00-0500,-37.0,28077.5,28088.6
2026-02-11 11:18:00-0500,-7.5,28070.0,28056.2
2026-02-11 11:20:00-0500,-40.0,28030.0,28012.3
2026-02-11 11:27:00-0500,-41.0,27989.0,27975.3
2026-02-11 11:41:00-0500,-94.0,27895.0,27939.6
2026-02-11 12:23:00-0500,-2.5,27892.5,27899.0
2026-02-11 13:09:00-0500,-1.0,27891.5,27858.9
2026-02-11 13:18:00-0500,-64.5,27827.0,27824.5
2026-02-11 13:20:00-0500,-38.5,27788.5,27804.6
2026-02-11 13:23:00-0500,-65.5,27723.0,27780.6
2026-02-11 16:00:00-0500,70.0,27793.0,27752.0
2026-02-12 09:32:00-0500,-21.5,27771.5,27722.4
2026-02-12 09:36:00-0500,-87.5,27684.0,27936.1
2026-02-12 09:43:00-0500,-43.5,27640.5,28132.1
2026-02-12 16:00:00-0500,1151.0,28791.5,28333.8
2026-02-13 09:34:00-0500,-18.5,28773.0,28552.7
2026-02-13 09:45:00-0500,7.0,28780.0,28780.0
2026-02-13 09:51:00-0500,-1.5,28778.5,28776.8
2026-02-13 09:53:00-0500,-1.5,28777.0,28777.0
2026-02-13 09:57:00-0500,-1.5,28775.5,28775.5
2026-02-13 10:01:00-0500,-1.5,28774.0,28774.0
2026-02-13 10:06:00-0500,-1.5,28772.5,28772.5
2026-02-13 10:17:00-0500,-1.5,28771.0,28771.0
2026-02-13 10:23:00-0500,-1.5,28769.5,28746.2
2026-02-13 10:47:00-0500,-1.5,28768.0,28712.3
2026-02-13 10:52:00-0500,-118.0,28650.0,28697.3
2026-02-13 11:24:00-0500,-47.0,28603.0,28672.4
2026-02-13 15:14:00-0500,93.0,28696.0,28661.6
2026-02-13 15:20:00-0500,-51.0,28645.0,28677.1
2026-02-13 16:00:00-0500,69.0,28714.0,28725.4
2026-02-16 09:34:00-0500,13.5,28727.5,28750.5
2026-02-16 09:51:00-0500,117.0,28844.5,28781.5
2026-02-16 09:53:00-0500,-23.0,28821.5,28798.6
2026-02-16 10:19:00-0500,-21.5,28800.0,28802.7
2026-02-16 11:11:00-0500,-0.5,28799.5,28770.5
2026-02-16 11:17:00-0500,-51.5,28748.0,28731.6
2026-02-16 11:31:00-0500,-64.5,28683.5,28689.9
2026-02-16 11:33:00-0500,-56.5,28627.0,28640.4
2026-02-16 11:52:00-0500,-35.5,28591.5,28591.6
2026-02-16 12:02:00-0500,-39.5,28552.0,28541.6
2026-02-16 12:06:00-0500,-48.0,28504.0,28506.2
2026-02-16 12:28:00-0500,-70.5,28433.5,28481.4
2026-02-16 18:00:00-0500,16.5,28450.0,28497.8
2026-02-17 09:44:00-0500,17.5,28467.5,28510.0
2026-02-17 10:19:00-0500,166.5,28634.0,28532.0
2026-02-17 10:21:00-0500,-69.0,28565.0,28542.6
2026-02-17 10:52:00-0500,-21.5,28543.5,28540.4
2026-02-17 10:56:00-0500,-40.5,28503.0,28519.0
2026-02-17 10:59:00-0500,-46.5,28456.5,28499.4
2026-02-17 12:46:00-0500,70.5,28527.0,28459.0
2026-02-17 12:53:00-0500,-60.0,28467.0,28466.9
2026-02-17 12:58:00-0500,-125.5,28341.5,28477.0
2026-02-17 16:00:00-0500,201.0,28542.5,28458.6
2026-02-18 09:33:00-0500,-35.5,28507.0,28434.1
2026-02-18 09:35:00-0500,-72.0,28435.0,28433.6
2026-02-18 09:39:00-0500,-90.5,28344.5,28390.2
2026-02-18 09:50:00-0500,-5.5,28339.0,28411.3
2026-02-18 09:52:00-0500,-13.5,28325.5,28446.4
2026-02-18 13:53:00-0500,287.0,28612.5,28491.8
2026-02-18 14:18:00-0500,-2.0,28610.5,28533.2
2026-02-18 14:20:00-0500,-39.0,28571.5,28580.4
2026-02-18 14:28:00-0500,-25.5,28546.0,28562.3
2026-02-18 15:55:00-0500,15.5,28561.5,28557.3
2026-02-18 15:58:00-0500,-39.5,28522.0,28560.2
2026-02-18 16:00:00-0500,63.5,28585.5,28560.1
2026-02-19 09:32:00-0500,0.5,28586.0,28561.9
2026-02-19 09:34:00-0500,-40.5,28545.5,28559.6
2026-02-19 09:43:00-0500,25.0,28570.5,28526.7
2026-02-19 09:45:00-0500,-60.0,28510.5,28484.1
2026-02-19 09:47:00-0500,-89.5,28421.0,28463.9
2026-02-19 09:49:00-0500,-48.0,28373.0,28424.2
2026-02-19 10:22:00-0500,71.5,28444.5,28395.8
2026-02-19 10:30:00-0500,-72.5,28372.0,28378.5
2026-02-19 10:52:00-0500,-3.5,28368.5,28358.7
2026-02-19 11:07:00-0500,-34.0,28334.5,28315.2
2026-02-19 11:10:00-0500,-60.5,28274.0,28278.8
2026-02-19 11:29:00-0500,-47.0,28227.0,28232.9
2026-02-19 11:31:00-0500,-37.0,28190.0,28190.1
2026-02-19 11:42:00-0500,-51.0,28139.0,28134.1
2026-02-19 12:21:00-0500,-18.5,28120.5,28091.1
2026-02-19 12:28:00-0500,-126.5,27994.0,28169.6
2026-02-19 15:59:00-0500,18.0,28012.0,28258.0
2026-02-20 10:07:00-0500,570.5,28582.5,28349.8
2026-02-20 10:17:00-0500,-1.5,28581.0,28446.0
2026-02-20 12:15:00-0500,-1.5,28579.5,28535.7
2026-02-20 12:46:00-0500,-104.5,28475.0,28500.7
2026-02-20 12:49:00-0500,-14.5,28460.5,28459.4
2026-02-20 13:18:00-0500,-53.0,28407.5,28417.2
2026-02-20 13:25:00-0500,-33.0,28374.5,28418.3
2026-02-20 13:31:00-0500,-6.0,28368.5,28419.6
2026-02-20 16:00:00-0500,112.0,28480.5,28428.1
2026-02-23 09:33:00-0500,-13.5,28467.0,28438.6
2026-02-23 09:35:00-0500,-17.0,28450.0,28441.2
2026-02-23 09:38:00-0500,-23.0,28427.0,28485.2
2026-02-23 09:40:00-0500,-45.5,28381.5,28537.7
2026-02-23 16:00:00-0500,319.0,28700.5,28604.3
2026-02-24 09:39:00-0500,29.0,28729.5,28671.8
2026-02-24 10:01:00-0500,53.5,28783.0,28817.4
2026-02-24 10:05:00-0500,-18.5,28764.5,28894.3
2026-02-24 16:00:00-0500,345.0,29109.5,28998.0
2026-02-25 09:32:00-0500,-24.5,29085.0,29080.5
2026-02-25 10:51:00-0500,163.0,29248.0,29150.2
2026-02-25 10:53:00-0500,-52.5,29195.5,29137.2
2026-02-25 11:00:00-0500,-82.5,29113.0,29122.8
2026-02-25 11:03:00-0500,-68.5,29044.5,29065.1
2026-02-25 11:07:00-0500,-31.5,29013.0,29012.6
2026-02-25 11:13:00-0500,-53.5,28959.5,28968.1
2026-02-25 11:15:00-0500,-26.5,28933.0,28928.0
2026-02-25 11:21:00-0500,-42.5,28890.5,28996.2
2026-02-25 11:25:00-0500,-46.5,28844.0,29059.2
2026-02-25 16:00:00-0500,510.0,29354.0,29217.4
2026-02-26 09:33:00-0500,-79.5,29274.5,29375.4
2026-02-26 14:09:00-0500,449.5,29724.0,29539.7
2026-02-26 14:30:00-0500,-43.5,29680.5,29596.1
2026-02-26 15:10:00-0500,-15.0,29665.5,29663.5
2026-02-26 15:33:00-0500,-29.5,29636.0,29663.9
2026-02-26 15:51:00-0500,-24.5,29611.5,29630.7
2026-02-26 16:00:00-0500,114.5,29726.0,29580.2
2026-02-27 09:33:00-0500,-211.5,29514.5,29527.5
2026-02-27 09:38:00-0500,-101.5,29413.0,29466.3
2026-02-27 09:42:00-0500,-40.5,29372.5,29368.3
2026-02-27 09:46:00-0500,-67.0,29305.5,29311.3
2026-02-27 09:56:00-0500,-69.5,29236.0,29295.3
2026-02-27 09:58:00-0500,-6.5,29229.5,29282.3
2026-02-27 12:21:00-0500,103.5,29333.0,29277.2
2026-02-27 12:25:00-0500,-25.5,29307.5,29276.9
2026-02-27 12:43:00-0500,-27.5,29280.0,29262.4
2026-02-27 12:56:00-0500,-45.5,29234.5,29223.6
2026-02-27 13:02:00-0500,-77.5,29157.0,29179.8
2026-02-27 13:08:00-0500,-18.0,29139.0,29118.4
2026-02-27 14:04:00-0500,-50.5,29088.5,29042.8
2026-02-27 14:09:00-0500,-115.5,28973.0,28970.0
2026-02-27 15:11:00-0500,-116.5,28856.5,28892.5
2026-02-27 15:39:00-0500,-63.5,28793.0,28814.4
2026-02-27 15:41:00-0500,-41.5,28751.5,28743.9
2026-02-27 15:43:00-0500,-53.5,28698.0,28733.4
2026-02-27 15:48:00-0500,-77.5,28620.5,28710.5
2026-02-27 16:00:00-0500,183.5,28804.0,28705.4
2026-03-02 09:32:00-0500,-125.5,28678.5,28699.6
2026-03-02 10:01:00-0500,47.5,28726.0,28702.4
2026-03-02 10:33:00-0500,-57.0,28669.0,28662.8
2026-03-02 10:35:00-0500,-34.5,28634.5,28639.7
2026-03-02 11:28:00-0500,-28.5,28606.0,28592.0
2026-03-02 11:31:00-0500,-43.0,28563.0,28598.5
2026-03-02 11:35:00-0500,-75.5,28487.5,28615.0
2026-03-02 16:00:00-0500,214.0,28701.5,28633.3
2026-03-03 09:32:00-0500,15.5,28717.0,28633.6
2026-03-03 09:34:00-0500,-19.5,28697.5,28616.4
2026-03-03 09:37:00-0500,-133.0,28564.5,28556.1
2026-03-03 09:42:00-0500,-163.0,28401.5,28492.4
2026-03-03 09:47:00-0500,-1.5,28400.0,28516.4
2026-03-03 11:05:00-0500,-1.5,28398.5,28571.4
2026-03-03 16:00:00-0500,419.0,28817.5,28642.7
2026-03-04 09:33:00-0500,22.0,28839.5,28705.4
2026-03-04 09:36:00-0500,-81.5,28758.0,28758.9
2026-03-04 09:49:00-0500,-44.5,28713.5,28728.9
2026-03-04 09:51:00-0500,-47.5,28666.0,28770.2
2026-03-04 10:04:00-0500,1.5,28667.5,28824.0
2026-03-04 16:00:00-0500,378.5,29046.0,28885.5
2026-03-05 09:32:00-0500,-19.0,29027.0,28947.8
2026-03-05 09:41:00-0500,-6.0,29021.0,28993.2
2026-03-05 09:44:00-0500,-43.5,28977.5,28958.5
2026-03-05 09:48:00-0500,-83.0,28894.5,28934.5
2026-03-05 10:20:00-0500,-22.0,28872.5,28909.3
2026-03-05 10:51:00-0500,34.5,28907.0,28890.3
2026-03-05 10:54:00-0500,-12.0,28895.0,28886.6
2026-03-05 11:00:00-0500,-12.5,28882.5,28860.6
2026-03-05 12:04:00-0500,-6.5,28876.0,28836.8
2026-03-05 12:10:00-0500,-133.5,28742.5,28809.8
2026-03-05 15:26:00-0500,45.5,28788.0,28779.3
2026-03-05 15:28:00-0500,-28.0,28760.0,28748.1
2026-03-05 15:33:00-0500,-30.0,28730.0,28740.9
2026-03-05 15:35:00-0500,-10.0,28720.0,28714.1
2026-03-05 15:40:00-0500,-13.5,28706.5,28723.0
2026-03-05 15:50:00-0500,-52.5,28654.0,28719.6
2026-03-05 16:00:00-0500,150.5,28804.5,28680.9
2026-03-06 09:33:00-0500,-91.5,28713.0,28619.4
2026-03-06 09:36:00-0500,-186.5,28526.5,28565.1
2026-03-06 09:39:00-0500,-127.5,28399.0,28464.2
2026-03-06 09:41:00-0500,-16.5,28382.5,28374.2
2026-03-06 09:47:00-0500,-82.5,28300.0,28313.8
2026-03-06 09:49:00-0500,-37.0,28263.0,28257.8
2026-03-06 09:51:00-0500,-38.5,28224.5,28197.2
2026-03-06 09:56:00-0500,-105.5,28119.0,28128.0
2026-03-06 10:00:00-0500,-39.5,28079.5,28044.1
2026-03-06 10:10:00-0500,-125.5,27954.0,27978.7
2026-03-06 10:12:00-0500,-110.5,27843.5,27926.8
2026-03-06 12:37:00-0500,54.0,27897.5,27876.1
2026-03-06 12:49:00-0500,-38.0,27859.5,27841.4
2026-03-06 12:56:00-0500,-33.5,27826.0,27828.4
2026-03-06 13:00:00-0500,-45.5,27780.5,27798.7
2026-03-06 14:25:00-0500,-2.0,27778.5,27759.4
2026-03-06 14:27:00-0500,-29.5,27749.0,27721.3
2026-03-06 14:48:00-0500,-86.0,27663.0,27687.7
2026-03-06 14:53:00-0500,-27.5,27635.5,27633.3
2026-03-06 14:55:00-0500,-23.0,27612.5,27614.2
2026-03-06 15:11:00-0500,-106.0,27506.5,27617.4
2026-03-06 16:00:00-0500,147.0,27653.5,27615.6
2026-03-09 09:33:00-0400,25.5,27679.0,27613.8
2026-03-09 09:36:00-0400,-52.5,27626.5,27598.1
2026-03-09 10:04:00-0400,-23.0,27603.5,27547.4
2026-03-09 10:06:00-0400,-175.5,27428.0,27491.3
2026-03-09 10:21:00-0400,-28.0,27400.0,27445.4
2026-03-09 10:23:00-0400,-1.5,27398.5,27639.7
2026-03-09 10:28:00-0400,-1.5,27397.0,27862.5
2026-03-09 16:00:00-0400,1178.0,28575.0,28065.9
2026-03-10 09:32:00-0400,-33.0,28542.0,28267.2
2026-03-10 09:34:00-0400,-125.0,28417.0,28454.3
2026-03-10 09:45:00-0400,-12.0,28405.0,28396.4
2026-03-10 09:47:00-0400,-72.5,28332.5,28332.0
2026-03-10 09:49:00-0400,-47.0,28285.5,28278.1
2026-03-10 09:53:00-0400,-65.5,28220.0,28221.7
2026-03-10 09:55:00-0400,-72.5,28147.5,28174.0
2026-03-10 10:23:00-0400,-24.5,28123.0,28149.6
2026-03-10 10:25:00-0400,-29.0,28094.0,28128.3
2026-03-10 14:15:00-0400,69.5,28163.5,28111.5
2026-03-10 14:27:00-0400,-50.0,28113.5,28094.4
2026-03-10 14:30:00-0400,-50.0,28063.5,28076.2
2026-03-10 14:32:00-0400,-26.0,28037.5,28027.5
2026-03-10 14:34:00-0400,-34.5,28003.0,27980.7
2026-03-10 14:36:00-0400,-83.0,27920.0,27977.9
2026-03-10 14:38:00-0400,-40.5,27879.5,27978.5
2026-03-10 16:00:00-0400,170.0,28049.5,27986.2
2026-03-11 09:33:00-0400,-9.0,28040.5,28003.6
2026-03-11 09:44:00-0400,1.0,28041.5,28014.0
2026-03-11 09:46:00-0400,-34.5,28007.0,27982.5
2026-03-11 09:59:00-0400,-75.5,27931.5,27947.3
2026-03-11 10:12:00-0400,-39.5,27892.0,27903.0
2026-03-11 10:14:00-0400,-27.5,27864.5,27853.1
2026-03-11 10:16:00-0400,-44.5,27820.0,27816.0
2026-03-11 10:19:00-0400,-62.5,27757.5,27788.1
2026-03-11 10:21:00-0400,-11.5,27746.0,27757.5
2026-03-11 10:59:00-0400,6.5,27752.5,27731.7
2026-03-11 11:01:00-0400,-41.0,27711.5,27733.0
2026-03-11 11:05:00-0400,-20.5,27691.0,27725.7
2026-03-11 13:01:00-0400,73.0,27764.0,27743.0
2026-03-11 13:08:00-0400,-54.5,27709.5,27771.5
2026-03-11 16:00:00-0400,129.5,27839.0,27802.5
2026-03-12 09:33:00-0400,15.0,27854.0,27833.1
2026-03-12 09:42:00-0400,-8.0,27846.0,27866.3
2026-03-12 10:13:00-0400,71.0,27917.0,27889.0
2026-03-12 10:15:00-0400,-41.5,27875.5,27900.3
2026-03-12 11:40:00-0400,77.0,27952.5,27899.7
2026-03-12 11:42:00-0400,-42.0,27910.5,27866.7
2026-03-12 11:47:00-0400,-67.5,27843.0,27830.3
2026-03-12 11:55:00-0400,-91.0,27752.0,27762.6
2026-03-12 12:04:00-0400,-58.5,27693.5,27673.4
2026-03-12 12:08:00-0400,-79.5,27614.0,27590.0
2026-03-12 12:16:00-0400,-149.5,27464.5,27511.4
2026-03-12 12:26:00-0400,-38.5,27426.0,27443.6
2026-03-12 12:34:00-0400,-67.0,27359.0,27385.2
2026-03-12 12:37:00-0400,-4.5,27354.5,27336.2
2026-03-12 12:46:00-0400,-32.5,27322.0,27279.2
2026-03-12 12:51:00-0400,-102.5,27219.5,27219.3
2026-03-12 13:05:00-0400,-78.5,27141.0,27147.9
2026-03-12 13:10:00-0400,-81.5,27059.5,27075.1
2026-03-12 13:15:00-0400,-62.0,26997.5,27018.3
2026-03-12 13:23:00-0400,-39.5,26958.0,26963.4
2026-03-12 13:28:00-0400,-22.5,26935.5,26913.3
2026-03-12 13:36:00-0400,-69.0,26866.5,26914.0
2026-03-12 13:42:00-0400,-57.5,26809.0,26922.3
2026-03-12 16:00:00-0400,192.0,27001.0,26938.2
2026-03-13 09:32:00-0400,-1.5,26999.5,26976.3
2026-03-13 09:38:00-0400,15.5,27015.0,27016.6
2026-03-13 10:03:00-0400,42.0,27057.0,27007.6
2026-03-13 10:07:00-0400,-46.5,27010.5,26984.0
2026-03-13 10:32:00-0400,-54.5,26956.0,27055.5
2026-03-13 10:35:00-0400,-74.5,26881.5,27142.7
2026-03-13 16:00:00-0400,491.0,27372.5,27237.6
2026-03-16 09:39:00-0400,120.5,27493.0,27340.5
2026-03-16 09:42:00-0400,-8.0,27485.0,27437.3
2026-03-16 09:44:00-0400,-14.5,27470.5,27421.9
2026-03-16 09:46:00-0400,-105.0,27365.5,27377.9
2026-03-16 09:53:00-0400,-70.0,27295.5,27332.3
2026-03-16 10:31:00-0400,-22.5,27273.0,27285.0
2026-03-16 11:01:00-0400,-16.0,27257.0,27253.8
2026-03-16 11:14:00-0400,-23.0,27234.0,27233.8
2026-03-16 11:17:00-0400,-24.5,27209.5,27206.4
2026-03-16 11:56:00-0400,-14.0,27195.5,27173.1
2026-03-16 11:58:00-0400,-59.5,27136.0,27144.7
2026-03-16 12:08:00-0400,-45.5,27090.5,27113.9
2026-03-16 12:53:00-0400,1.5,27092.0,27056.8
2026-03-16 12:55:00-0400,-36.5,27055.5,27004.7
2026-03-16 13:01:00-0400,-145.5,26910.0,26955.7
2026-03-16 13:05:00-0400,-34.5,26875.5,26896.9
2026-03-16 13:40:00-0400,-30.0,26845.5,26835.1
2026-03-16 14:05:00-0400,-47.5,26798.0,26800.9
2026-03-16 15:06:00-0400,-51.5,26746.5,26769.3
2026-03-16 15:08:00-0400,-7.5,26739.0,26740.6
2026-03-16 15:21:00-0400,-21.5,26717.5,26724.9
2026-03-16 15:23:00-0400,-15.5,26702.0,26768.6
2026-03-16 16:00:00-0400,17.5,26719.5,26806.9
2026-03-17 10:03:00-0400,245.5,26965.0,26840.4
2026-03-17 10:06:00-0400,-34.5,26930.5,26872.5
2026-03-17 10:08:00-0400,-45.5,26885.0,26894.4
2026-03-17 10:10:00-0400,-22.5,26862.5,26865.0
2026-03-17 10:21:00-0400,-33.5,26829.0,26835.7
2026-03-17 10:23:00-0400,-11.0,26818.0,26814.9
2026-03-17 10:26:00-0400,-34.0,26784.0,26792.4
2026-03-17 10:28:00-0400,-3.0,26781.0,26770.3
2026-03-17 10:31:00-0400,-31.0,26750.0,26739.0
2026-03-17 10:33:00-0400,-31.5,26718.5,26699.8
2026-03-17 10:39:00-0400,-57.0,26661.5,26639.9
2026-03-17 10:43:00-0400,-73.5,26588.0,26599.3
2026-03-17 11:05:00-0400,-106.5,26481.5,26559.7
2026-03-17 13:04:00-0400,65.5,26547.0,26525.0
2026-03-17 13:54:00-0400,-26.5,26520.5,26502.1
2026-03-17 13:56:00-0400,-32.5,26488.0,26493.8
2026-03-17 14:00:00-0400,-14.5,26473.5,26466.3
2026-03-17 14:03:00-0400,-33.5,26440.0,26429.0
2026-03-17 14:06:00-0400,-30.5,26409.5,26421.9
2026-03-17 14:22:00-0400,-75.5,26334.0,26403.6
2026-03-17 16:00:00-0400,118.5,26452.5,26395.3
2026-03-18 09:33:00-0400,-70.5,26382.0,26393.5
2026-03-18 09:44:00-0400,16.5,26398.5,26397.1
2026-03-18 09:51:00-0400,2.0,26400.5,26369.5
2026-03-18 09:53:00-0400,-48.5,26352.0,26344.3
2026-03-18 09:59:00-0400,-37.5,26314.5,26303.2
2026-03-18 10:01:00-0400,-58.5,26256.0,26255.7
2026-03-18 10:03:00-0400,-63.0,26193.0,26204.9
2026-03-18 10:07:00-0400,-30.0,26163.0,26164.2
2026-03-18 10:11:00-0400,-65.0,26098.0,26125.5
2026-03-18 11:07:00-0400,13.0,26111.0,26094.9
2026-03-18 11:15:00-0400,-48.5,26062.5,26063.8
2026-03-18 11:34:00-0400,-22.5,26040.0,26040.6
2026-03-18 11:39:00-0400,-32.5,26007.5,26007.6
2026-03-18 11:55:00-0400,-25.5,25982.0,25977.7
2026-03-18 11:58:00-0400,-36.0,25946.0,25942.1
2026-03-18 12:00:00-0400,-33.0,25913.0,25911.9
2026-03-18 14:01:00-0400,-51.0,25862.0,25874.9
2026-03-18 14:03:00-0400,-5.5,25856.5,25937.1
2026-03-18 14:05:00-0400,-59.5,25797.0,26000.4
2026-03-18 16:00:00-0400,460.0,26257.0,26089.1
2026-03-19 09:38:00-0400,-27.5,26229.5,26167.3
2026-03-19 10:23:00-0400,76.0,26305.5,26247.1
2026-03-19 10:32:00-0400,-58.0,26247.5,26230.6
2026-03-19 11:22:00-0400,-51.5,26196.0,26214.3
2026-03-19 11:25:00-0400,-21.5,26174.5,26165.7
2026-03-19 11:59:00-0400,-26.5,26148.0,26125.2
2026-03-19 12:16:00-0400,-85.5,26062.5,26083.6
2026-03-19 12:22:00-0400,-17.5,26045.0,26040.1
2026-03-19 12:28:00-0400,-57.0,25988.0,25994.1
2026-03-19 12:32:00-0400,-31.0,25957.0,25956.1
2026-03-19 12:39:00-0400,-39.0,25918.0,25911.4
2026-03-19 12:51:00-0400,-45.5,25872.5,25873.0
2026-03-19 13:28:00-0400,-51.0,25821.5,25833.6
2026-03-19 13:31:00-0400,-25.5,25796.0,25786.3
2026-03-19 13:33:00-0400,-36.0,25760.0,25740.1
2026-03-19 13:53:00-0400,-78.5,25681.5,25700.0
2026-03-19 13:59:00-0400,-40.0,25641.5,25659.5
2026-03-19 14:09:00-0400,-20.5,25621.0,25621.7
2026-03-19 14:11:00-0400,-27.5,25593.5,25594.1
2026-03-19 14:31:00-0400,-22.5,25571.0,25571.2
2026-03-19 14:33:00-0400,-27.5,25543.5,25542.9
2026-03-19 14:35:00-0400,-16.5,25527.0,25494.6
2026-03-19 14:37:00-0400,-47.5,25479.5,25485.7
2026-03-19 14:57:00-0400,-127.5,25352.0,25472.5
2026-03-19 16:00:00-0400,174.5,25526.5,25460.3
2026-03-20 09:42:00-0400,-49.0,25477.5,25450.1
2026-03-20 09:47:00-0400,-11.5,25466.0,25479.3
2026-03-20 09:50:00-0400,-37.5,25428.5,25455.2
2026-03-20 11:24:00-0400,69.5,25498.0,25438.4
2026-03-20 11:59:00-0400,-92.0,25406.0,25420.0
2026-03-20 12:01:00-0400,-12.5,25393.5,25393.6
2026-03-20 12:09:00-0400,-19.5,25374.0,25508.0
2026-03-20 12:27:00-0400,-77.5,25296.5,25629.4
2026-03-20 16:00:00-0400,773.5,26070.0,25746.3
2026-03-23 09:33:00-0400,-57.0,26013.0,25850.0
2026-03-23 09:35:00-0400,-35.0,25978.0,25970.7
2026-03-23 09:37:00-0400,-85.5,25892.5,25954.4
2026-03-23 09:45:00-0400,7.5,25900.0,25968.6
2026-03-23 11:36:00-0400,88.5,25988.5,25976.9
2026-03-23 14:36:00-0400,95.5,26084.0,25992.4
2026-03-23 14:40:00-0400,-64.5,26019.5,25997.1
2026-03-23 14:47:00-0400,-49.5,25970.0,25976.4
2026-03-23 14:51:00-0400,-46.5,25923.5,25928.3
2026-03-23 14:53:00-0400,-38.5,25885.0,25880.2
2026-03-23 14:59:00-0400,-41.5,25843.5,25924.3
2026-03-23 15:01:00-0400,-64.5,25779.0,25957.8
2026-03-23 16:00:00-0400,411.5,26190.5,25991.5
2026-03-24 09:32:00-0400,-99.5,26091.0,26045.8
2026-03-24 09:36:00-0400,-37.5,26053.5,26100.7
2026-03-24 10:00:00-0400,61.5,26115.0,26057.8
2026-03-24 10:06:00-0400,-61.5,26053.5,26031.1
2026-03-24 10:14:00-0400,-77.5,25976.0,25998.9
2026-03-24 10:16:00-0400,-18.5,25957.5,25938.4
2026-03-24 10:19:00-0400,-65.0,25892.5,25874.2
2026-03-24 10:23:00-0400,-80.0,25812.5,25813.3
2026-03-24 10:28:00-0400,-80.0,25732.5,25748.9
2026-03-24 10:30:00-0400,-61.0,25671.5,25683.3
2026-03-24 10:34:00-0400,-36.0,25635.5,25621.7
2026-03-24 10:37:00-0400,-71.0,25564.5,25570.3
2026-03-24 10:41:00-0400,-60.0,25504.5,25503.2
2026-03-24 10:46:00-0400,-29.0,25475.5,25431.4
2026-03-24 10:51:00-0400,-139.5,25336.0,25367.8
2026-03-24 12:38:00-0400,-59.5,25276.5,25310.0
2026-03-24 12:40:00-0400,-30.0,25246.5,25240.9
2026-03-24 12:43:00-0400,-31.0,25215.5,25184.7
2026-03-24 13:04:00-0400,-85.5,25130.0,25117.5
2026-03-24 14:01:00-0400,-75.0,25055.0,25053.6
2026-03-24 14:28:00-0400,-114.5,24940.5,24982.8
2026-03-24 14:30:00-0400,-13.5,24927.0,24914.8
2026-03-24 14:32:00-0400,-65.5,24861.5,24907.1
2026-03-24 15:33:00-0400,-71.5,24790.0,24916.4
2026-03-24 16:00:00-0400,226.5,25016.5,24909.7
2026-03-25 09:32:00-0400,-29.5,24987.0,24918.9
2026-03-25 09:34:00-0400,-93.5,24893.5,24947.9
2026-03-25 09:44:00-0400,14.0,24907.5,24934.5
2026-03-25 10:13:00-0400,27.5,24935.0,24933.7
2026-03-25 11:08:00-0400,14.5,24949.5,24946.6
2026-03-25 11:31:00-0400,33.5,24983.0,24954.0
2026-03-25 11:35:00-0400,-25.0,24958.0,24951.6
2026-03-25 12:26:00-0400,-13.5,24944.5,24936.7
2026-03-25 12:28:00-0400,-21.5,24923.0,24908.7
2026-03-25 12:32:00-0400,-48.0,24875.0,24877.2
2026-03-25 12:48:00-0400,-32.0,24843.0,24833.1
2026-03-25 12:54:00-0400,-42.5,24800.5,24780.0
2026-03-25 12:59:00-0400,-76.5,24724.0,24724.2
2026-03-25 13:04:00-0400,-66.5,24657.5,24658.9
2026-03-25 13:26:00-0400,-61.5,24596.0,24599.8
2026-03-25 13:32:00-0400,-79.5,24516.5,24551.9
2026-03-25 13:53:00-0400,-11.5,24505.0,24508.6
2026-03-25 13:57:00-0400,-20.5,24484.5,24470.7
2026-03-25 14:02:00-0400,-43.5,24441.0,24440.6
2026-03-25 14:04:00-0400,-34.5,24406.5,24410.3
2026-03-25 14:09:00-0400,-40.5,24366.0,24374.2
2026-03-25 14:11:00-0400,-12.5,24353.5,24379.3
2026-03-25 14:29:00-0400,-49.5,24304.0,24385.3
2026-03-25 16:00:00-0400,162.5,24466.5,24389.5
2026-03-26 09:35:00-0400,-30.0,24436.5,24390.8
2026-03-26 09:38:00-0400,-49.5,24387.0,24415.6
2026-03-26 09:43:00-0400,-27.0,24360.0,24403.6
2026-03-26 10:38:00-0400,68.0,24428.0,24386.9
2026-03-26 10:40:00-0400,-21.5,24406.5,24520.7
2026-03-26 10:43:00-0400,-53.5,24353.0,24665.7
2026-03-26 16:00:00-0400,703.0,25056.0,24793.0
2026-03-27 09:39:00-0400,29.0,25085.0,24912.4
2026-03-27 09:43:00-0400,-20.5,25064.5,25017.0
2026-03-27 09:46:00-0400,-61.0,25003.5,24976.9
2026-03-27 09:51:00-0400,-127.5,24876.0,24923.8
2026-03-27 10:18:00-0400,-20.5,24855.5,24874.8
2026-03-27 10:21:00-0400,-36.0,24819.5,24832.6
2026-03-27 11:04:00-0400,0.0,24819.5,24793.8
2026-03-27 11:07:00-0400,-27.0,24792.5,24751.4
2026-03-27 11:24:00-0400,-110.5,24682.0,24705.2
2026-03-27 11:27:00-0400,-38.5,24643.5,24655.7
2026-03-27 11:42:00-0400,-55.0,24588.5,24603.7
2026-03-27 12:02:00-0400,-16.5,24572.0,24747.7
2026-03-27 12:07:00-0400,-39.5,24532.5,24887.0
2026-03-27 16:00:00-0400,869.5,25402.0,25084.9
2026-03-30 09:33:00-0400,-62.0,25340.0,25276.6
2026-03-30 10:59:00-0400,238.0,25578.0,25463.4
2026-03-30 11:08:00-0400,-47.5,25530.5,25463.7
2026-03-30 11:34:00-0400,-64.0,25466.5,25556.6
2026-03-30 12:02:00-0400,-63.0,25403.5,25594.6
2026-03-30 16:00:00-0400,401.0,25804.5,25627.9
2026-03-31 09:32:00-0400,-36.5,25768.0,25656.5
2026-03-31 09:34:00-0400,-71.0,25697.0,25690.2
2026-03-31 09:37:00-0400,-87.5,25609.5,25632.6
2026-03-31 09:39:00-0400,-37.5,25572.0,25600.3
2026-03-31 09:45:00-0400,-55.5,25516.5,25574.6
2026-03-31 10:43:00-0400,90.0,25606.5,25560.9
2026-03-31 11:07:00-0400,-38.0,25568.5,25547.1
2026-03-31 11:09:00-0400,-27.5,25541.0,25539.1
2026-03-31 11:12:00-0400,-38.0,25503.0,25501.7
2026-03-31 11:30:00-0400,-26.5,25476.5,25463.6
2026-03-31 11:36:00-0400,-57.0,25419.5,25429.6
2026-03-31 11:41:00-0400,-41.5,25378.0,25396.1
2026-03-31 11:43:00-0400,-7.0,25371.0,25360.0
2026-03-31 11:52:00-0400,-35.5,25335.5,25323.2
2026-03-31 11:55:00-0400,-39.5,25296.0,25290.5
2026-03-31 12:02:00-0400,-60.5,25235.5,25253.2
2026-03-31 12:04:00-0400,-21.0,25214.5,25217.0
2026-03-31 12:06:00-0400,-30.0,25184.5,25347.6
2026-03-31 12:13:00-0400,-30.0,25154.5,25480.4
2026-03-31 16:00:00-0400,794.5,25949.0,25609.2
2026-04-01 09:32:00-0400,-49.5,25899.5,25723.4
2026-04-01 09:43:00-0400,-41.0,25858.5,25834.8
2026-04-01 09:54:00-0400,-103.0,25755.5,25820.8
2026-04-01 10:00:00-0400,-44.0,25711.5,25805.2
2026-04-01 14:17:00-0400,167.5,25879.0,25787.7
2026-04-01 15:20:00-0400,-57.5,25821.5,25786.9
2026-04-01 15:22:00-0400,-50.5,25771.0,25782.2
2026-04-01 15:36:00-0400,-19.5,25751.5,25744.7
2026-04-01 15:53:00-0400,-63.5,25688.0,25703.8
2026-04-01 16:00:00-0400,3.5,25691.5,25674.0
2026-04-02 09:32:00-0400,-74.5,25617.0,25825.5
2026-04-02 09:47:00-0400,5.0,25622.0,25984.3
2026-04-02 16:00:00-0400,887.0,26509.0,26122.4
2026-04-06 09:32:00-0400,-27.0,26482.0,26263.5
2026-04-06 09:34:00-0400,-100.0,26382.0,26380.0
2026-04-06 09:36:00-0400,-59.5,26322.5,26321.6
2026-04-06 09:42:00-0400,-118.0,26204.5,26249.7
2026-04-06 10:04:00-0400,12.5,26217.0,26175.2
2026-04-06 10:14:00-0400,-94.5,26122.5,26096.8
2026-04-06 10:39:00-0400,-113.0,26009.5,26042.2
2026-04-06 10:41:00-0400,-79.0,25930.5,25981.6
2026-04-06 12:36:00-0400,1.0,25931.5,25946.0
2026-04-06 12:53:00-0400,-17.5,25914.0,25923.5
2026-04-06 13:37:00-0400,30.5,25944.5,25949.9
2026-04-06 14:17:00-0400,-47.5,25897.0,25979.6
2026-04-06 16:00:00-0400,165.5,26062.5,26006.9
2026-04-07 09:37:00-0400,17.5,26080.0,26057.3
2026-04-07 09:39:00-0400,-29.5,26050.5,26120.4
2026-04-07 10:34:00-0400,146.0,26196.5,26148.1
2026-04-07 11:56:00-0400,16.0,26212.5,26189.6
2026-04-07 11:58:00-0400,-11.5,26201.0,26214.5
2026-04-07 14:54:00-0400,86.5,26287.5,26386.7
2026-04-07 15:16:00-0400,-112.5,26175.0,26560.8
2026-04-07 16:00:00-0400,882.5,27057.5,26744.6
2026-04-08 09:36:00-0400,25.5,27083.0,26901.0
2026-04-08 09:47:00-0400,37.0,27120.0,27085.1
2026-04-08 09:51:00-0400,-50.5,27069.5,27085.4
2026-04-08 11:47:00-0400,26.0,27095.5,27076.9
2026-04-08 12:18:00-0400,-36.5,27059.0,27059.3
2026-04-08 12:21:00-0400,-18.5,27040.5,27041.5
2026-04-08 14:19:00-0400,-8.5,27032.0,27006.2
2026-04-08 16:00:00-0400,-51.5,26980.5,26972.9
2026-04-09 09:32:00-0400,-61.5,26919.0,26939.9
2026-04-09 09:39:00-0400,-26.5,26892.5,26898.7
2026-04-09 09:41:00-0400,-17.0,26875.5,26871.6
2026-04-09 09:51:00-0400,-49.5,26826.0,26844.7
2026-04-09 10:53:00-0400,19.0,26845.0,26813.6
2026-04-09 11:08:00-0400,-60.5,26784.5,26957.2
2026-04-09 11:11:00-0400,-47.5,26737.0,27089.0
2026-04-09 16:00:00-0400,856.5,27593.5,27200.5
2026-04-10 09:32:00-0400,-108.5,27485.0,27309.6
2026-04-10 09:35:00-0400,-82.5,27402.5,27426.1
2026-04-10 09:38:00-0400,-72.5,27330.0,27366.9
2026-04-10 09:46:00-0400,-10.5,27319.5,27316.2
2026-04-10 09:50:00-0400,-22.0,27297.5,27279.9
2026-04-10 09:53:00-0400,-66.0,27231.5,27260.3
2026-04-10 09:57:00-0400,-10.5,27221.0,27230.1
2026-04-10 10:15:00-0400,11.0,27232.0,27201.9
2026-04-10 10:43:00-0400,-63.5,27168.5,27180.0
2026-04-10 10:46:00-0400,-12.0,27156.5,27155.9
2026-04-10 10:50:00-0400,-34.5,27122.0,27122.8
2026-04-10 10:55:00-0400,-21.5,27100.5,27095.2
2026-04-10 10:57:00-0400,-34.0,27066.5,27066.1
2026-04-10 11:33:00-0400,-36.0,27030.5,27079.4
2026-04-10 11:35:00-0400,-19.5,27011.0,27105.7
2026-04-10 16:00:00-0400,177.5,27188.5,27126.3
2026-04-13 09:34:00-0400,43.5,27232.0,27140.9
2026-04-13 09:36:00-0400,-62.5,27169.5,27265.7
2026-04-13 09:49:00-0400,-66.0,27103.5,27338.9
2026-04-13 16:00:00-0400,531.5,27635.0,27404.2
2026-04-14 09:32:00-0400,-80.5,27554.5,27474.9
2026-04-14 09:40:00-0400,4.0,27558.5,27554.3
2026-04-14 09:42:00-0400,-35.5,27523.0,27524.3
2026-04-14 09:58:00-0400,-22.5,27500.5,27503.7
2026-04-14 10:03:00-0400,-15.5,27485.0,27689.0
2026-04-14 10:06:00-0400,-33.5,27451.5,27730.5
2026-04-14 16:00:00-0400,1033.5,28485.0,27807.166666666668
